Date,Year,Quarter,QuarterLabel,Month,MonthName,MonthShort,YearMonth,Day,Weekday,WeekdayName,IsWeekend
2014-01-01,2014,1,Q1 2014,1,January,Jan,2014-01,1,3,Wednesday,False
2014-01-02,2014,1,Q1 2014,1,January,Jan,2014-01,2,4,Thursday,False
2014-01-03,2014,1,Q1 2014,1,January,Jan,2014-01,3,5,Friday,False
2014-01-04,2014,1,Q1 2014,1,January,Jan,2014-01,4,6,Saturday,True
2014-01-05,2014,1,Q1 2014,1,January,Jan,2014-01,5,7,Sunday,True
2014-01-06,2014,1,Q1 2014,1,January,Jan,2014-01,6,1,Monday,False
2014-01-07,2014,1,Q1 2014,1,January,Jan,2014-01,7,2,Tuesday,False
2014-01-08,2014,1,Q1 2014,1,January,Jan,2014-01,8,3,Wednesday,False
2014-01-09,2014,1,Q1 2014,1,January,Jan,2014-01,9,4,Thursday,False
2014-01-10,2014,1,Q1 2014,1,January,Jan,2014-01,10,5,Friday,False
2014-01-11,2014,1,Q1 2014,1,January,Jan,2014-01,11,6,Saturday,True
2014-01-12,2014,1,Q1 2014,1,January,Jan,2014-01,12,7,Sunday,True
2014-01-13,2014,1,Q1 2014,1,January,Jan,2014-01,13,1,Monday,False
2014-01-14,2014,1,Q1 2014,1,January,Jan,2014-01,14,2,Tuesday,False
2014-01-15,2014,1,Q1 2014,1,January,Jan,2014-01,15,3,Wednesday,False
2014-01-16,2014,1,Q1 2014,1,January,Jan,2014-01,16,4,Thursday,False
2014-01-17,2014,1,Q1 2014,1,January,Jan,2014-01,17,5,Friday,False
2014-01-18,2014,1,Q1 2014,1,January,Jan,2014-01,18,6,Saturday,True
2014-01-19,2014,1,Q1 2014,1,January,Jan,2014-01,19,7,Sunday,True
2014-01-20,2014,1,Q1 2014,1,January,Jan,2014-01,20,1,Monday,False
2014-01-21,2014,1,Q1 2014,1,January,Jan,2014-01,21,2,Tuesday,False
2014-01-22,2014,1,Q1 2014,1,January,Jan,2014-01,22,3,Wednesday,False
2014-01-23,2014,1,Q1 2014,1,January,Jan,2014-01,23,4,Thursday,False
2014-01-24,2014,1,Q1 2014,1,January,Jan,2014-01,24,5,Friday,False
2014-01-25,2014,1,Q1 2014,1,January,Jan,2014-01,25,6,Saturday,True
2014-01-26,2014,1,Q1 2014,1,January,Jan,2014-01,26,7,Sunday,True
2014-01-27,2014,1,Q1 2014,1,January,Jan,2014-01,27,1,Monday,False
2014-01-28,2014,1,Q1 2014,1,January,Jan,2014-01,28,2,Tuesday,False
2014-01-29,2014,1,Q1 2014,1,January,Jan,2014-01,29,3,Wednesday,False
2014-01-30,2014,1,Q1 2014,1,January,Jan,2014-01,30,4,Thursday,False
2014-01-31,2014,1,Q1 2014,1,January,Jan,2014-01,31,5,Friday,False
2014-02-01,2014,1,Q1 2014,2,February,Feb,2014-02,1,6,Saturday,True
2014-02-02,2014,1,Q1 2014,2,February,Feb,2014-02,2,7,Sunday,True
2014-02-03,2014,1,Q1 2014,2,February,Feb,2014-02,3,1,Monday,False
2014-02-04,2014,1,Q1 2014,2,February,Feb,2014-02,4,2,Tuesday,False
2014-02-05,2014,1,Q1 2014,2,February,Feb,2014-02,5,3,Wednesday,False
2014-02-06,2014,1,Q1 2014,2,February,Feb,2014-02,6,4,Thursday,False
2014-02-07,2014,1,Q1 2014,2,February,Feb,2014-02,7,5,Friday,False
2014-02-08,2014,1,Q1 2014,2,February,Feb,2014-02,8,6,Saturday,True
2014-02-09,2014,1,Q1 2014,2,February,Feb,2014-02,9,7,Sunday,True
2014-02-10,2014,1,Q1 2014,2,February,Feb,2014-02,10,1,Monday,False
2014-02-11,2014,1,Q1 2014,2,February,Feb,2014-02,11,2,Tuesday,False
2014-02-12,2014,1,Q1 2014,2,February,Feb,2014-02,12,3,Wednesday,False
2014-02-13,2014,1,Q1 2014,2,February,Feb,2014-02,13,4,Thursday,False
2014-02-14,2014,1,Q1 2014,2,February,Feb,2014-02,14,5,Friday,False
2014-02-15,2014,1,Q1 2014,2,February,Feb,2014-02,15,6,Saturday,True
2014-02-16,2014,1,Q1 2014,2,February,Feb,2014-02,16,7,Sunday,True
2014-02-17,2014,1,Q1 2014,2,February,Feb,2014-02,17,1,Monday,False
2014-02-18,2014,1,Q1 2014,2,February,Feb,2014-02,18,2,Tuesday,False
2014-02-19,2014,1,Q1 2014,2,February,Feb,2014-02,19,3,Wednesday,False
2014-02-20,2014,1,Q1 2014,2,February,Feb,2014-02,20,4,Thursday,False
2014-02-21,2014,1,Q1 2014,2,February,Feb,2014-02,21,5,Friday,False
2014-02-22,2014,1,Q1 2014,2,February,Feb,2014-02,22,6,Saturday,True
2014-02-23,2014,1,Q1 2014,2,February,Feb,2014-02,23,7,Sunday,True
2014-02-24,2014,1,Q1 2014,2,February,Feb,2014-02,24,1,Monday,False
2014-02-25,2014,1,Q1 2014,2,February,Feb,2014-02,25,2,Tuesday,False
2014-02-26,2014,1,Q1 2014,2,February,Feb,2014-02,26,3,Wednesday,False
2014-02-27,2014,1,Q1 2014,2,February,Feb,2014-02,27,4,Thursday,False
2014-02-28,2014,1,Q1 2014,2,February,Feb,2014-02,28,5,Friday,False
2014-03-01,2014,1,Q1 2014,3,March,Mar,2014-03,1,6,Saturday,True
2014-03-02,2014,1,Q1 2014,3,March,Mar,2014-03,2,7,Sunday,True
2014-03-03,2014,1,Q1 2014,3,March,Mar,2014-03,3,1,Monday,False
2014-03-04,2014,1,Q1 2014,3,March,Mar,2014-03,4,2,Tuesday,False
2014-03-05,2014,1,Q1 2014,3,March,Mar,2014-03,5,3,Wednesday,False
2014-03-06,2014,1,Q1 2014,3,March,Mar,2014-03,6,4,Thursday,False
2014-03-07,2014,1,Q1 2014,3,March,Mar,2014-03,7,5,Friday,False
2014-03-08,2014,1,Q1 2014,3,March,Mar,2014-03,8,6,Saturday,True
2014-03-09,2014,1,Q1 2014,3,March,Mar,2014-03,9,7,Sunday,True
2014-03-10,2014,1,Q1 2014,3,March,Mar,2014-03,10,1,Monday,False
2014-03-11,2014,1,Q1 2014,3,March,Mar,2014-03,11,2,Tuesday,False
2014-03-12,2014,1,Q1 2014,3,March,Mar,2014-03,12,3,Wednesday,False
2014-03-13,2014,1,Q1 2014,3,March,Mar,2014-03,13,4,Thursday,False
2014-03-14,2014,1,Q1 2014,3,March,Mar,2014-03,14,5,Friday,False
2014-03-15,2014,1,Q1 2014,3,March,Mar,2014-03,15,6,Saturday,True
2014-03-16,2014,1,Q1 2014,3,March,Mar,2014-03,16,7,Sunday,True
2014-03-17,2014,1,Q1 2014,3,March,Mar,2014-03,17,1,Monday,False
2014-03-18,2014,1,Q1 2014,3,March,Mar,2014-03,18,2,Tuesday,False
2014-03-19,2014,1,Q1 2014,3,March,Mar,2014-03,19,3,Wednesday,False
2014-03-20,2014,1,Q1 2014,3,March,Mar,2014-03,20,4,Thursday,False
2014-03-21,2014,1,Q1 2014,3,March,Mar,2014-03,21,5,Friday,False
2014-03-22,2014,1,Q1 2014,3,March,Mar,2014-03,22,6,Saturday,True
2014-03-23,2014,1,Q1 2014,3,March,Mar,2014-03,23,7,Sunday,True
2014-03-24,2014,1,Q1 2014,3,March,Mar,2014-03,24,1,Monday,False
2014-03-25,2014,1,Q1 2014,3,March,Mar,2014-03,25,2,Tuesday,False
2014-03-26,2014,1,Q1 2014,3,March,Mar,2014-03,26,3,Wednesday,False
2014-03-27,2014,1,Q1 2014,3,March,Mar,2014-03,27,4,Thursday,False
2014-03-28,2014,1,Q1 2014,3,March,Mar,2014-03,28,5,Friday,False
2014-03-29,2014,1,Q1 2014,3,March,Mar,2014-03,29,6,Saturday,True
2014-03-30,2014,1,Q1 2014,3,March,Mar,2014-03,30,7,Sunday,True
2014-03-31,2014,1,Q1 2014,3,March,Mar,2014-03,31,1,Monday,False
2014-04-01,2014,2,Q2 2014,4,April,Apr,2014-04,1,2,Tuesday,False
2014-04-02,2014,2,Q2 2014,4,April,Apr,2014-04,2,3,Wednesday,False
2014-04-03,2014,2,Q2 2014,4,April,Apr,2014-04,3,4,Thursday,False
2014-04-04,2014,2,Q2 2014,4,April,Apr,2014-04,4,5,Friday,False
2014-04-05,2014,2,Q2 2014,4,April,Apr,2014-04,5,6,Saturday,True
2014-04-06,2014,2,Q2 2014,4,April,Apr,2014-04,6,7,Sunday,True
2014-04-07,2014,2,Q2 2014,4,April,Apr,2014-04,7,1,Monday,False
2014-04-08,2014,2,Q2 2014,4,April,Apr,2014-04,8,2,Tuesday,False
2014-04-09,2014,2,Q2 2014,4,April,Apr,2014-04,9,3,Wednesday,False
2014-04-10,2014,2,Q2 2014,4,April,Apr,2014-04,10,4,Thursday,False
2014-04-11,2014,2,Q2 2014,4,April,Apr,2014-04,11,5,Friday,False
2014-04-12,2014,2,Q2 2014,4,April,Apr,2014-04,12,6,Saturday,True
2014-04-13,2014,2,Q2 2014,4,April,Apr,2014-04,13,7,Sunday,True
2014-04-14,2014,2,Q2 2014,4,April,Apr,2014-04,14,1,Monday,False
2014-04-15,2014,2,Q2 2014,4,April,Apr,2014-04,15,2,Tuesday,False
2014-04-16,2014,2,Q2 2014,4,April,Apr,2014-04,16,3,Wednesday,False
2014-04-17,2014,2,Q2 2014,4,April,Apr,2014-04,17,4,Thursday,False
2014-04-18,2014,2,Q2 2014,4,April,Apr,2014-04,18,5,Friday,False
2014-04-19,2014,2,Q2 2014,4,April,Apr,2014-04,19,6,Saturday,True
2014-04-20,2014,2,Q2 2014,4,April,Apr,2014-04,20,7,Sunday,True
2014-04-21,2014,2,Q2 2014,4,April,Apr,2014-04,21,1,Monday,False
2014-04-22,2014,2,Q2 2014,4,April,Apr,2014-04,22,2,Tuesday,False
2014-04-23,2014,2,Q2 2014,4,April,Apr,2014-04,23,3,Wednesday,False
2014-04-24,2014,2,Q2 2014,4,April,Apr,2014-04,24,4,Thursday,False
2014-04-25,2014,2,Q2 2014,4,April,Apr,2014-04,25,5,Friday,False
2014-04-26,2014,2,Q2 2014,4,April,Apr,2014-04,26,6,Saturday,True
2014-04-27,2014,2,Q2 2014,4,April,Apr,2014-04,27,7,Sunday,True
2014-04-28,2014,2,Q2 2014,4,April,Apr,2014-04,28,1,Monday,False
2014-04-29,2014,2,Q2 2014,4,April,Apr,2014-04,29,2,Tuesday,False
2014-04-30,2014,2,Q2 2014,4,April,Apr,2014-04,30,3,Wednesday,False
2014-05-01,2014,2,Q2 2014,5,May,May,2014-05,1,4,Thursday,False
2014-05-02,2014,2,Q2 2014,5,May,May,2014-05,2,5,Friday,False
2014-05-03,2014,2,Q2 2014,5,May,May,2014-05,3,6,Saturday,True
2014-05-04,2014,2,Q2 2014,5,May,May,2014-05,4,7,Sunday,True
2014-05-05,2014,2,Q2 2014,5,May,May,2014-05,5,1,Monday,False
2014-05-06,2014,2,Q2 2014,5,May,May,2014-05,6,2,Tuesday,False
2014-05-07,2014,2,Q2 2014,5,May,May,2014-05,7,3,Wednesday,False
2014-05-08,2014,2,Q2 2014,5,May,May,2014-05,8,4,Thursday,False
2014-05-09,2014,2,Q2 2014,5,May,May,2014-05,9,5,Friday,False
2014-05-10,2014,2,Q2 2014,5,May,May,2014-05,10,6,Saturday,True
2014-05-11,2014,2,Q2 2014,5,May,May,2014-05,11,7,Sunday,True
2014-05-12,2014,2,Q2 2014,5,May,May,2014-05,12,1,Monday,False
2014-05-13,2014,2,Q2 2014,5,May,May,2014-05,13,2,Tuesday,False
2014-05-14,2014,2,Q2 2014,5,May,May,2014-05,14,3,Wednesday,False
2014-05-15,2014,2,Q2 2014,5,May,May,2014-05,15,4,Thursday,False
2014-05-16,2014,2,Q2 2014,5,May,May,2014-05,16,5,Friday,False
2014-05-17,2014,2,Q2 2014,5,May,May,2014-05,17,6,Saturday,True
2014-05-18,2014,2,Q2 2014,5,May,May,2014-05,18,7,Sunday,True
2014-05-19,2014,2,Q2 2014,5,May,May,2014-05,19,1,Monday,False
2014-05-20,2014,2,Q2 2014,5,May,May,2014-05,20,2,Tuesday,False
2014-05-21,2014,2,Q2 2014,5,May,May,2014-05,21,3,Wednesday,False
2014-05-22,2014,2,Q2 2014,5,May,May,2014-05,22,4,Thursday,False
2014-05-23,2014,2,Q2 2014,5,May,May,2014-05,23,5,Friday,False
2014-05-24,2014,2,Q2 2014,5,May,May,2014-05,24,6,Saturday,True
2014-05-25,2014,2,Q2 2014,5,May,May,2014-05,25,7,Sunday,True
2014-05-26,2014,2,Q2 2014,5,May,May,2014-05,26,1,Monday,False
2014-05-27,2014,2,Q2 2014,5,May,May,2014-05,27,2,Tuesday,False
2014-05-28,2014,2,Q2 2014,5,May,May,2014-05,28,3,Wednesday,False
2014-05-29,2014,2,Q2 2014,5,May,May,2014-05,29,4,Thursday,False
2014-05-30,2014,2,Q2 2014,5,May,May,2014-05,30,5,Friday,False
2014-05-31,2014,2,Q2 2014,5,May,May,2014-05,31,6,Saturday,True
2014-06-01,2014,2,Q2 2014,6,June,Jun,2014-06,1,7,Sunday,True
2014-06-02,2014,2,Q2 2014,6,June,Jun,2014-06,2,1,Monday,False
2014-06-03,2014,2,Q2 2014,6,June,Jun,2014-06,3,2,Tuesday,False
2014-06-04,2014,2,Q2 2014,6,June,Jun,2014-06,4,3,Wednesday,False
2014-06-05,2014,2,Q2 2014,6,June,Jun,2014-06,5,4,Thursday,False
2014-06-06,2014,2,Q2 2014,6,June,Jun,2014-06,6,5,Friday,False
2014-06-07,2014,2,Q2 2014,6,June,Jun,2014-06,7,6,Saturday,True
2014-06-08,2014,2,Q2 2014,6,June,Jun,2014-06,8,7,Sunday,True
2014-06-09,2014,2,Q2 2014,6,June,Jun,2014-06,9,1,Monday,False
2014-06-10,2014,2,Q2 2014,6,June,Jun,2014-06,10,2,Tuesday,False
2014-06-11,2014,2,Q2 2014,6,June,Jun,2014-06,11,3,Wednesday,False
2014-06-12,2014,2,Q2 2014,6,June,Jun,2014-06,12,4,Thursday,False
2014-06-13,2014,2,Q2 2014,6,June,Jun,2014-06,13,5,Friday,False
2014-06-14,2014,2,Q2 2014,6,June,Jun,2014-06,14,6,Saturday,True
2014-06-15,2014,2,Q2 2014,6,June,Jun,2014-06,15,7,Sunday,True
2014-06-16,2014,2,Q2 2014,6,June,Jun,2014-06,16,1,Monday,False
2014-06-17,2014,2,Q2 2014,6,June,Jun,2014-06,17,2,Tuesday,False
2014-06-18,2014,2,Q2 2014,6,June,Jun,2014-06,18,3,Wednesday,False
2014-06-19,2014,2,Q2 2014,6,June,Jun,2014-06,19,4,Thursday,False
2014-06-20,2014,2,Q2 2014,6,June,Jun,2014-06,20,5,Friday,False
2014-06-21,2014,2,Q2 2014,6,June,Jun,2014-06,21,6,Saturday,True
2014-06-22,2014,2,Q2 2014,6,June,Jun,2014-06,22,7,Sunday,True
2014-06-23,2014,2,Q2 2014,6,June,Jun,2014-06,23,1,Monday,False
2014-06-24,2014,2,Q2 2014,6,June,Jun,2014-06,24,2,Tuesday,False
2014-06-25,2014,2,Q2 2014,6,June,Jun,2014-06,25,3,Wednesday,False
2014-06-26,2014,2,Q2 2014,6,June,Jun,2014-06,26,4,Thursday,False
2014-06-27,2014,2,Q2 2014,6,June,Jun,2014-06,27,5,Friday,False
2014-06-28,2014,2,Q2 2014,6,June,Jun,2014-06,28,6,Saturday,True
2014-06-29,2014,2,Q2 2014,6,June,Jun,2014-06,29,7,Sunday,True
2014-06-30,2014,2,Q2 2014,6,June,Jun,2014-06,30,1,Monday,False
2014-07-01,2014,3,Q3 2014,7,July,Jul,2014-07,1,2,Tuesday,False
2014-07-02,2014,3,Q3 2014,7,July,Jul,2014-07,2,3,Wednesday,False
2014-07-03,2014,3,Q3 2014,7,July,Jul,2014-07,3,4,Thursday,False
2014-07-04,2014,3,Q3 2014,7,July,Jul,2014-07,4,5,Friday,False
2014-07-05,2014,3,Q3 2014,7,July,Jul,2014-07,5,6,Saturday,True
2014-07-06,2014,3,Q3 2014,7,July,Jul,2014-07,6,7,Sunday,True
2014-07-07,2014,3,Q3 2014,7,July,Jul,2014-07,7,1,Monday,False
2014-07-08,2014,3,Q3 2014,7,July,Jul,2014-07,8,2,Tuesday,False
2014-07-09,2014,3,Q3 2014,7,July,Jul,2014-07,9,3,Wednesday,False
2014-07-10,2014,3,Q3 2014,7,July,Jul,2014-07,10,4,Thursday,False
2014-07-11,2014,3,Q3 2014,7,July,Jul,2014-07,11,5,Friday,False
2014-07-12,2014,3,Q3 2014,7,July,Jul,2014-07,12,6,Saturday,True
2014-07-13,2014,3,Q3 2014,7,July,Jul,2014-07,13,7,Sunday,True
2014-07-14,2014,3,Q3 2014,7,July,Jul,2014-07,14,1,Monday,False
2014-07-15,2014,3,Q3 2014,7,July,Jul,2014-07,15,2,Tuesday,False
2014-07-16,2014,3,Q3 2014,7,July,Jul,2014-07,16,3,Wednesday,False
2014-07-17,2014,3,Q3 2014,7,July,Jul,2014-07,17,4,Thursday,False
2014-07-18,2014,3,Q3 2014,7,July,Jul,2014-07,18,5,Friday,False
2014-07-19,2014,3,Q3 2014,7,July,Jul,2014-07,19,6,Saturday,True
2014-07-20,2014,3,Q3 2014,7,July,Jul,2014-07,20,7,Sunday,True
2014-07-21,2014,3,Q3 2014,7,July,Jul,2014-07,21,1,Monday,False
2014-07-22,2014,3,Q3 2014,7,July,Jul,2014-07,22,2,Tuesday,False
2014-07-23,2014,3,Q3 2014,7,July,Jul,2014-07,23,3,Wednesday,False
2014-07-24,2014,3,Q3 2014,7,July,Jul,2014-07,24,4,Thursday,False
2014-07-25,2014,3,Q3 2014,7,July,Jul,2014-07,25,5,Friday,False
2014-07-26,2014,3,Q3 2014,7,July,Jul,2014-07,26,6,Saturday,True
2014-07-27,2014,3,Q3 2014,7,July,Jul,2014-07,27,7,Sunday,True
2014-07-28,2014,3,Q3 2014,7,July,Jul,2014-07,28,1,Monday,False
2014-07-29,2014,3,Q3 2014,7,July,Jul,2014-07,29,2,Tuesday,False
2014-07-30,2014,3,Q3 2014,7,July,Jul,2014-07,30,3,Wednesday,False
2014-07-31,2014,3,Q3 2014,7,July,Jul,2014-07,31,4,Thursday,False
2014-08-01,2014,3,Q3 2014,8,August,Aug,2014-08,1,5,Friday,False
2014-08-02,2014,3,Q3 2014,8,August,Aug,2014-08,2,6,Saturday,True
2014-08-03,2014,3,Q3 2014,8,August,Aug,2014-08,3,7,Sunday,True
2014-08-04,2014,3,Q3 2014,8,August,Aug,2014-08,4,1,Monday,False
2014-08-05,2014,3,Q3 2014,8,August,Aug,2014-08,5,2,Tuesday,False
2014-08-06,2014,3,Q3 2014,8,August,Aug,2014-08,6,3,Wednesday,False
2014-08-07,2014,3,Q3 2014,8,August,Aug,2014-08,7,4,Thursday,False
2014-08-08,2014,3,Q3 2014,8,August,Aug,2014-08,8,5,Friday,False
2014-08-09,2014,3,Q3 2014,8,August,Aug,2014-08,9,6,Saturday,True
2014-08-10,2014,3,Q3 2014,8,August,Aug,2014-08,10,7,Sunday,True
2014-08-11,2014,3,Q3 2014,8,August,Aug,2014-08,11,1,Monday,False
2014-08-12,2014,3,Q3 2014,8,August,Aug,2014-08,12,2,Tuesday,False
2014-08-13,2014,3,Q3 2014,8,August,Aug,2014-08,13,3,Wednesday,False
2014-08-14,2014,3,Q3 2014,8,August,Aug,2014-08,14,4,Thursday,False
2014-08-15,2014,3,Q3 2014,8,August,Aug,2014-08,15,5,Friday,False
2014-08-16,2014,3,Q3 2014,8,August,Aug,2014-08,16,6,Saturday,True
2014-08-17,2014,3,Q3 2014,8,August,Aug,2014-08,17,7,Sunday,True
2014-08-18,2014,3,Q3 2014,8,August,Aug,2014-08,18,1,Monday,False
2014-08-19,2014,3,Q3 2014,8,August,Aug,2014-08,19,2,Tuesday,False
2014-08-20,2014,3,Q3 2014,8,August,Aug,2014-08,20,3,Wednesday,False
2014-08-21,2014,3,Q3 2014,8,August,Aug,2014-08,21,4,Thursday,False
2014-08-22,2014,3,Q3 2014,8,August,Aug,2014-08,22,5,Friday,False
2014-08-23,2014,3,Q3 2014,8,August,Aug,2014-08,23,6,Saturday,True
2014-08-24,2014,3,Q3 2014,8,August,Aug,2014-08,24,7,Sunday,True
2014-08-25,2014,3,Q3 2014,8,August,Aug,2014-08,25,1,Monday,False
2014-08-26,2014,3,Q3 2014,8,August,Aug,2014-08,26,2,Tuesday,False
2014-08-27,2014,3,Q3 2014,8,August,Aug,2014-08,27,3,Wednesday,False
2014-08-28,2014,3,Q3 2014,8,August,Aug,2014-08,28,4,Thursday,False
2014-08-29,2014,3,Q3 2014,8,August,Aug,2014-08,29,5,Friday,False
2014-08-30,2014,3,Q3 2014,8,August,Aug,2014-08,30,6,Saturday,True
2014-08-31,2014,3,Q3 2014,8,August,Aug,2014-08,31,7,Sunday,True
2014-09-01,2014,3,Q3 2014,9,September,Sep,2014-09,1,1,Monday,False
2014-09-02,2014,3,Q3 2014,9,September,Sep,2014-09,2,2,Tuesday,False
2014-09-03,2014,3,Q3 2014,9,September,Sep,2014-09,3,3,Wednesday,False
2014-09-04,2014,3,Q3 2014,9,September,Sep,2014-09,4,4,Thursday,False
2014-09-05,2014,3,Q3 2014,9,September,Sep,2014-09,5,5,Friday,False
2014-09-06,2014,3,Q3 2014,9,September,Sep,2014-09,6,6,Saturday,True
2014-09-07,2014,3,Q3 2014,9,September,Sep,2014-09,7,7,Sunday,True
2014-09-08,2014,3,Q3 2014,9,September,Sep,2014-09,8,1,Monday,False
2014-09-09,2014,3,Q3 2014,9,September,Sep,2014-09,9,2,Tuesday,False
2014-09-10,2014,3,Q3 2014,9,September,Sep,2014-09,10,3,Wednesday,False
2014-09-11,2014,3,Q3 2014,9,September,Sep,2014-09,11,4,Thursday,False
2014-09-12,2014,3,Q3 2014,9,September,Sep,2014-09,12,5,Friday,False
2014-09-13,2014,3,Q3 2014,9,September,Sep,2014-09,13,6,Saturday,True
2014-09-14,2014,3,Q3 2014,9,September,Sep,2014-09,14,7,Sunday,True
2014-09-15,2014,3,Q3 2014,9,September,Sep,2014-09,15,1,Monday,False
2014-09-16,2014,3,Q3 2014,9,September,Sep,2014-09,16,2,Tuesday,False
2014-09-17,2014,3,Q3 2014,9,September,Sep,2014-09,17,3,Wednesday,False
2014-09-18,2014,3,Q3 2014,9,September,Sep,2014-09,18,4,Thursday,False
2014-09-19,2014,3,Q3 2014,9,September,Sep,2014-09,19,5,Friday,False
2014-09-20,2014,3,Q3 2014,9,September,Sep,2014-09,20,6,Saturday,True
2014-09-21,2014,3,Q3 2014,9,September,Sep,2014-09,21,7,Sunday,True
2014-09-22,2014,3,Q3 2014,9,September,Sep,2014-09,22,1,Monday,False
2014-09-23,2014,3,Q3 2014,9,September,Sep,2014-09,23,2,Tuesday,False
2014-09-24,2014,3,Q3 2014,9,September,Sep,2014-09,24,3,Wednesday,False
2014-09-25,2014,3,Q3 2014,9,September,Sep,2014-09,25,4,Thursday,False
2014-09-26,2014,3,Q3 2014,9,September,Sep,2014-09,26,5,Friday,False
2014-09-27,2014,3,Q3 2014,9,September,Sep,2014-09,27,6,Saturday,True
2014-09-28,2014,3,Q3 2014,9,September,Sep,2014-09,28,7,Sunday,True
2014-09-29,2014,3,Q3 2014,9,September,Sep,2014-09,29,1,Monday,False
2014-09-30,2014,3,Q3 2014,9,September,Sep,2014-09,30,2,Tuesday,False
2014-10-01,2014,4,Q4 2014,10,October,Oct,2014-10,1,3,Wednesday,False
2014-10-02,2014,4,Q4 2014,10,October,Oct,2014-10,2,4,Thursday,False
2014-10-03,2014,4,Q4 2014,10,October,Oct,2014-10,3,5,Friday,False
2014-10-04,2014,4,Q4 2014,10,October,Oct,2014-10,4,6,Saturday,True
2014-10-05,2014,4,Q4 2014,10,October,Oct,2014-10,5,7,Sunday,True
2014-10-06,2014,4,Q4 2014,10,October,Oct,2014-10,6,1,Monday,False
2014-10-07,2014,4,Q4 2014,10,October,Oct,2014-10,7,2,Tuesday,False
2014-10-08,2014,4,Q4 2014,10,October,Oct,2014-10,8,3,Wednesday,False
2014-10-09,2014,4,Q4 2014,10,October,Oct,2014-10,9,4,Thursday,False
2014-10-10,2014,4,Q4 2014,10,October,Oct,2014-10,10,5,Friday,False
2014-10-11,2014,4,Q4 2014,10,October,Oct,2014-10,11,6,Saturday,True
2014-10-12,2014,4,Q4 2014,10,October,Oct,2014-10,12,7,Sunday,True
2014-10-13,2014,4,Q4 2014,10,October,Oct,2014-10,13,1,Monday,False
2014-10-14,2014,4,Q4 2014,10,October,Oct,2014-10,14,2,Tuesday,False
2014-10-15,2014,4,Q4 2014,10,October,Oct,2014-10,15,3,Wednesday,False
2014-10-16,2014,4,Q4 2014,10,October,Oct,2014-10,16,4,Thursday,False
2014-10-17,2014,4,Q4 2014,10,October,Oct,2014-10,17,5,Friday,False
2014-10-18,2014,4,Q4 2014,10,October,Oct,2014-10,18,6,Saturday,True
2014-10-19,2014,4,Q4 2014,10,October,Oct,2014-10,19,7,Sunday,True
2014-10-20,2014,4,Q4 2014,10,October,Oct,2014-10,20,1,Monday,False
2014-10-21,2014,4,Q4 2014,10,October,Oct,2014-10,21,2,Tuesday,False
2014-10-22,2014,4,Q4 2014,10,October,Oct,2014-10,22,3,Wednesday,False
2014-10-23,2014,4,Q4 2014,10,October,Oct,2014-10,23,4,Thursday,False
2014-10-24,2014,4,Q4 2014,10,October,Oct,2014-10,24,5,Friday,False
2014-10-25,2014,4,Q4 2014,10,October,Oct,2014-10,25,6,Saturday,True
2014-10-26,2014,4,Q4 2014,10,October,Oct,2014-10,26,7,Sunday,True
2014-10-27,2014,4,Q4 2014,10,October,Oct,2014-10,27,1,Monday,False
2014-10-28,2014,4,Q4 2014,10,October,Oct,2014-10,28,2,Tuesday,False
2014-10-29,2014,4,Q4 2014,10,October,Oct,2014-10,29,3,Wednesday,False
2014-10-30,2014,4,Q4 2014,10,October,Oct,2014-10,30,4,Thursday,False
2014-10-31,2014,4,Q4 2014,10,October,Oct,2014-10,31,5,Friday,False
2014-11-01,2014,4,Q4 2014,11,November,Nov,2014-11,1,6,Saturday,True
2014-11-02,2014,4,Q4 2014,11,November,Nov,2014-11,2,7,Sunday,True
2014-11-03,2014,4,Q4 2014,11,November,Nov,2014-11,3,1,Monday,False
2014-11-04,2014,4,Q4 2014,11,November,Nov,2014-11,4,2,Tuesday,False
2014-11-05,2014,4,Q4 2014,11,November,Nov,2014-11,5,3,Wednesday,False
2014-11-06,2014,4,Q4 2014,11,November,Nov,2014-11,6,4,Thursday,False
2014-11-07,2014,4,Q4 2014,11,November,Nov,2014-11,7,5,Friday,False
2014-11-08,2014,4,Q4 2014,11,November,Nov,2014-11,8,6,Saturday,True
2014-11-09,2014,4,Q4 2014,11,November,Nov,2014-11,9,7,Sunday,True
2014-11-10,2014,4,Q4 2014,11,November,Nov,2014-11,10,1,Monday,False
2014-11-11,2014,4,Q4 2014,11,November,Nov,2014-11,11,2,Tuesday,False
2014-11-12,2014,4,Q4 2014,11,November,Nov,2014-11,12,3,Wednesday,False
2014-11-13,2014,4,Q4 2014,11,November,Nov,2014-11,13,4,Thursday,False
2014-11-14,2014,4,Q4 2014,11,November,Nov,2014-11,14,5,Friday,False
2014-11-15,2014,4,Q4 2014,11,November,Nov,2014-11,15,6,Saturday,True
2014-11-16,2014,4,Q4 2014,11,November,Nov,2014-11,16,7,Sunday,True
2014-11-17,2014,4,Q4 2014,11,November,Nov,2014-11,17,1,Monday,False
2014-11-18,2014,4,Q4 2014,11,November,Nov,2014-11,18,2,Tuesday,False
2014-11-19,2014,4,Q4 2014,11,November,Nov,2014-11,19,3,Wednesday,False
2014-11-20,2014,4,Q4 2014,11,November,Nov,2014-11,20,4,Thursday,False
2014-11-21,2014,4,Q4 2014,11,November,Nov,2014-11,21,5,Friday,False
2014-11-22,2014,4,Q4 2014,11,November,Nov,2014-11,22,6,Saturday,True
2014-11-23,2014,4,Q4 2014,11,November,Nov,2014-11,23,7,Sunday,True
2014-11-24,2014,4,Q4 2014,11,November,Nov,2014-11,24,1,Monday,False
2014-11-25,2014,4,Q4 2014,11,November,Nov,2014-11,25,2,Tuesday,False
2014-11-26,2014,4,Q4 2014,11,November,Nov,2014-11,26,3,Wednesday,False
2014-11-27,2014,4,Q4 2014,11,November,Nov,2014-11,27,4,Thursday,False
2014-11-28,2014,4,Q4 2014,11,November,Nov,2014-11,28,5,Friday,False
2014-11-29,2014,4,Q4 2014,11,November,Nov,2014-11,29,6,Saturday,True
2014-11-30,2014,4,Q4 2014,11,November,Nov,2014-11,30,7,Sunday,True
2014-12-01,2014,4,Q4 2014,12,December,Dec,2014-12,1,1,Monday,False
2014-12-02,2014,4,Q4 2014,12,December,Dec,2014-12,2,2,Tuesday,False
2014-12-03,2014,4,Q4 2014,12,December,Dec,2014-12,3,3,Wednesday,False
2014-12-04,2014,4,Q4 2014,12,December,Dec,2014-12,4,4,Thursday,False
2014-12-05,2014,4,Q4 2014,12,December,Dec,2014-12,5,5,Friday,False
2014-12-06,2014,4,Q4 2014,12,December,Dec,2014-12,6,6,Saturday,True
2014-12-07,2014,4,Q4 2014,12,December,Dec,2014-12,7,7,Sunday,True
2014-12-08,2014,4,Q4 2014,12,December,Dec,2014-12,8,1,Monday,False
2014-12-09,2014,4,Q4 2014,12,December,Dec,2014-12,9,2,Tuesday,False
2014-12-10,2014,4,Q4 2014,12,December,Dec,2014-12,10,3,Wednesday,False
2014-12-11,2014,4,Q4 2014,12,December,Dec,2014-12,11,4,Thursday,False
2014-12-12,2014,4,Q4 2014,12,December,Dec,2014-12,12,5,Friday,False
2014-12-13,2014,4,Q4 2014,12,December,Dec,2014-12,13,6,Saturday,True
2014-12-14,2014,4,Q4 2014,12,December,Dec,2014-12,14,7,Sunday,True
2014-12-15,2014,4,Q4 2014,12,December,Dec,2014-12,15,1,Monday,False
2014-12-16,2014,4,Q4 2014,12,December,Dec,2014-12,16,2,Tuesday,False
2014-12-17,2014,4,Q4 2014,12,December,Dec,2014-12,17,3,Wednesday,False
2014-12-18,2014,4,Q4 2014,12,December,Dec,2014-12,18,4,Thursday,False
2014-12-19,2014,4,Q4 2014,12,December,Dec,2014-12,19,5,Friday,False
2014-12-20,2014,4,Q4 2014,12,December,Dec,2014-12,20,6,Saturday,True
2014-12-21,2014,4,Q4 2014,12,December,Dec,2014-12,21,7,Sunday,True
2014-12-22,2014,4,Q4 2014,12,December,Dec,2014-12,22,1,Monday,False
2014-12-23,2014,4,Q4 2014,12,December,Dec,2014-12,23,2,Tuesday,False
2014-12-24,2014,4,Q4 2014,12,December,Dec,2014-12,24,3,Wednesday,False
2014-12-25,2014,4,Q4 2014,12,December,Dec,2014-12,25,4,Thursday,False
2014-12-26,2014,4,Q4 2014,12,December,Dec,2014-12,26,5,Friday,False
2014-12-27,2014,4,Q4 2014,12,December,Dec,2014-12,27,6,Saturday,True
2014-12-28,2014,4,Q4 2014,12,December,Dec,2014-12,28,7,Sunday,True
2014-12-29,2014,4,Q4 2014,12,December,Dec,2014-12,29,1,Monday,False
2014-12-30,2014,4,Q4 2014,12,December,Dec,2014-12,30,2,Tuesday,False
2014-12-31,2014,4,Q4 2014,12,December,Dec,2014-12,31,3,Wednesday,False
2015-01-01,2015,1,Q1 2015,1,January,Jan,2015-01,1,4,Thursday,False
2015-01-02,2015,1,Q1 2015,1,January,Jan,2015-01,2,5,Friday,False
2015-01-03,2015,1,Q1 2015,1,January,Jan,2015-01,3,6,Saturday,True
2015-01-04,2015,1,Q1 2015,1,January,Jan,2015-01,4,7,Sunday,True
2015-01-05,2015,1,Q1 2015,1,January,Jan,2015-01,5,1,Monday,False
2015-01-06,2015,1,Q1 2015,1,January,Jan,2015-01,6,2,Tuesday,False
2015-01-07,2015,1,Q1 2015,1,January,Jan,2015-01,7,3,Wednesday,False
2015-01-08,2015,1,Q1 2015,1,January,Jan,2015-01,8,4,Thursday,False
2015-01-09,2015,1,Q1 2015,1,January,Jan,2015-01,9,5,Friday,False
2015-01-10,2015,1,Q1 2015,1,January,Jan,2015-01,10,6,Saturday,True
2015-01-11,2015,1,Q1 2015,1,January,Jan,2015-01,11,7,Sunday,True
2015-01-12,2015,1,Q1 2015,1,January,Jan,2015-01,12,1,Monday,False
2015-01-13,2015,1,Q1 2015,1,January,Jan,2015-01,13,2,Tuesday,False
2015-01-14,2015,1,Q1 2015,1,January,Jan,2015-01,14,3,Wednesday,False
2015-01-15,2015,1,Q1 2015,1,January,Jan,2015-01,15,4,Thursday,False
2015-01-16,2015,1,Q1 2015,1,January,Jan,2015-01,16,5,Friday,False
2015-01-17,2015,1,Q1 2015,1,January,Jan,2015-01,17,6,Saturday,True
2015-01-18,2015,1,Q1 2015,1,January,Jan,2015-01,18,7,Sunday,True
2015-01-19,2015,1,Q1 2015,1,January,Jan,2015-01,19,1,Monday,False
2015-01-20,2015,1,Q1 2015,1,January,Jan,2015-01,20,2,Tuesday,False
2015-01-21,2015,1,Q1 2015,1,January,Jan,2015-01,21,3,Wednesday,False
2015-01-22,2015,1,Q1 2015,1,January,Jan,2015-01,22,4,Thursday,False
2015-01-23,2015,1,Q1 2015,1,January,Jan,2015-01,23,5,Friday,False
2015-01-24,2015,1,Q1 2015,1,January,Jan,2015-01,24,6,Saturday,True
2015-01-25,2015,1,Q1 2015,1,January,Jan,2015-01,25,7,Sunday,True
2015-01-26,2015,1,Q1 2015,1,January,Jan,2015-01,26,1,Monday,False
2015-01-27,2015,1,Q1 2015,1,January,Jan,2015-01,27,2,Tuesday,False
2015-01-28,2015,1,Q1 2015,1,January,Jan,2015-01,28,3,Wednesday,False
2015-01-29,2015,1,Q1 2015,1,January,Jan,2015-01,29,4,Thursday,False
2015-01-30,2015,1,Q1 2015,1,January,Jan,2015-01,30,5,Friday,False
2015-01-31,2015,1,Q1 2015,1,January,Jan,2015-01,31,6,Saturday,True
2015-02-01,2015,1,Q1 2015,2,February,Feb,2015-02,1,7,Sunday,True
2015-02-02,2015,1,Q1 2015,2,February,Feb,2015-02,2,1,Monday,False
2015-02-03,2015,1,Q1 2015,2,February,Feb,2015-02,3,2,Tuesday,False
2015-02-04,2015,1,Q1 2015,2,February,Feb,2015-02,4,3,Wednesday,False
2015-02-05,2015,1,Q1 2015,2,February,Feb,2015-02,5,4,Thursday,False
2015-02-06,2015,1,Q1 2015,2,February,Feb,2015-02,6,5,Friday,False
2015-02-07,2015,1,Q1 2015,2,February,Feb,2015-02,7,6,Saturday,True
2015-02-08,2015,1,Q1 2015,2,February,Feb,2015-02,8,7,Sunday,True
2015-02-09,2015,1,Q1 2015,2,February,Feb,2015-02,9,1,Monday,False
2015-02-10,2015,1,Q1 2015,2,February,Feb,2015-02,10,2,Tuesday,False
2015-02-11,2015,1,Q1 2015,2,February,Feb,2015-02,11,3,Wednesday,False
2015-02-12,2015,1,Q1 2015,2,February,Feb,2015-02,12,4,Thursday,False
2015-02-13,2015,1,Q1 2015,2,February,Feb,2015-02,13,5,Friday,False
2015-02-14,2015,1,Q1 2015,2,February,Feb,2015-02,14,6,Saturday,True
2015-02-15,2015,1,Q1 2015,2,February,Feb,2015-02,15,7,Sunday,True
2015-02-16,2015,1,Q1 2015,2,February,Feb,2015-02,16,1,Monday,False
2015-02-17,2015,1,Q1 2015,2,February,Feb,2015-02,17,2,Tuesday,False
2015-02-18,2015,1,Q1 2015,2,February,Feb,2015-02,18,3,Wednesday,False
2015-02-19,2015,1,Q1 2015,2,February,Feb,2015-02,19,4,Thursday,False
2015-02-20,2015,1,Q1 2015,2,February,Feb,2015-02,20,5,Friday,False
2015-02-21,2015,1,Q1 2015,2,February,Feb,2015-02,21,6,Saturday,True
2015-02-22,2015,1,Q1 2015,2,February,Feb,2015-02,22,7,Sunday,True
2015-02-23,2015,1,Q1 2015,2,February,Feb,2015-02,23,1,Monday,False
2015-02-24,2015,1,Q1 2015,2,February,Feb,2015-02,24,2,Tuesday,False
2015-02-25,2015,1,Q1 2015,2,February,Feb,2015-02,25,3,Wednesday,False
2015-02-26,2015,1,Q1 2015,2,February,Feb,2015-02,26,4,Thursday,False
2015-02-27,2015,1,Q1 2015,2,February,Feb,2015-02,27,5,Friday,False
2015-02-28,2015,1,Q1 2015,2,February,Feb,2015-02,28,6,Saturday,True
2015-03-01,2015,1,Q1 2015,3,March,Mar,2015-03,1,7,Sunday,True
2015-03-02,2015,1,Q1 2015,3,March,Mar,2015-03,2,1,Monday,False
2015-03-03,2015,1,Q1 2015,3,March,Mar,2015-03,3,2,Tuesday,False
2015-03-04,2015,1,Q1 2015,3,March,Mar,2015-03,4,3,Wednesday,False
2015-03-05,2015,1,Q1 2015,3,March,Mar,2015-03,5,4,Thursday,False
2015-03-06,2015,1,Q1 2015,3,March,Mar,2015-03,6,5,Friday,False
2015-03-07,2015,1,Q1 2015,3,March,Mar,2015-03,7,6,Saturday,True
2015-03-08,2015,1,Q1 2015,3,March,Mar,2015-03,8,7,Sunday,True
2015-03-09,2015,1,Q1 2015,3,March,Mar,2015-03,9,1,Monday,False
2015-03-10,2015,1,Q1 2015,3,March,Mar,2015-03,10,2,Tuesday,False
2015-03-11,2015,1,Q1 2015,3,March,Mar,2015-03,11,3,Wednesday,False
2015-03-12,2015,1,Q1 2015,3,March,Mar,2015-03,12,4,Thursday,False
2015-03-13,2015,1,Q1 2015,3,March,Mar,2015-03,13,5,Friday,False
2015-03-14,2015,1,Q1 2015,3,March,Mar,2015-03,14,6,Saturday,True
2015-03-15,2015,1,Q1 2015,3,March,Mar,2015-03,15,7,Sunday,True
2015-03-16,2015,1,Q1 2015,3,March,Mar,2015-03,16,1,Monday,False
2015-03-17,2015,1,Q1 2015,3,March,Mar,2015-03,17,2,Tuesday,False
2015-03-18,2015,1,Q1 2015,3,March,Mar,2015-03,18,3,Wednesday,False
2015-03-19,2015,1,Q1 2015,3,March,Mar,2015-03,19,4,Thursday,False
2015-03-20,2015,1,Q1 2015,3,March,Mar,2015-03,20,5,Friday,False
2015-03-21,2015,1,Q1 2015,3,March,Mar,2015-03,21,6,Saturday,True
2015-03-22,2015,1,Q1 2015,3,March,Mar,2015-03,22,7,Sunday,True
2015-03-23,2015,1,Q1 2015,3,March,Mar,2015-03,23,1,Monday,False
2015-03-24,2015,1,Q1 2015,3,March,Mar,2015-03,24,2,Tuesday,False
2015-03-25,2015,1,Q1 2015,3,March,Mar,2015-03,25,3,Wednesday,False
2015-03-26,2015,1,Q1 2015,3,March,Mar,2015-03,26,4,Thursday,False
2015-03-27,2015,1,Q1 2015,3,March,Mar,2015-03,27,5,Friday,False
2015-03-28,2015,1,Q1 2015,3,March,Mar,2015-03,28,6,Saturday,True
2015-03-29,2015,1,Q1 2015,3,March,Mar,2015-03,29,7,Sunday,True
2015-03-30,2015,1,Q1 2015,3,March,Mar,2015-03,30,1,Monday,False
2015-03-31,2015,1,Q1 2015,3,March,Mar,2015-03,31,2,Tuesday,False
2015-04-01,2015,2,Q2 2015,4,April,Apr,2015-04,1,3,Wednesday,False
2015-04-02,2015,2,Q2 2015,4,April,Apr,2015-04,2,4,Thursday,False
2015-04-03,2015,2,Q2 2015,4,April,Apr,2015-04,3,5,Friday,False
2015-04-04,2015,2,Q2 2015,4,April,Apr,2015-04,4,6,Saturday,True
2015-04-05,2015,2,Q2 2015,4,April,Apr,2015-04,5,7,Sunday,True
2015-04-06,2015,2,Q2 2015,4,April,Apr,2015-04,6,1,Monday,False
2015-04-07,2015,2,Q2 2015,4,April,Apr,2015-04,7,2,Tuesday,False
2015-04-08,2015,2,Q2 2015,4,April,Apr,2015-04,8,3,Wednesday,False
2015-04-09,2015,2,Q2 2015,4,April,Apr,2015-04,9,4,Thursday,False
2015-04-10,2015,2,Q2 2015,4,April,Apr,2015-04,10,5,Friday,False
2015-04-11,2015,2,Q2 2015,4,April,Apr,2015-04,11,6,Saturday,True
2015-04-12,2015,2,Q2 2015,4,April,Apr,2015-04,12,7,Sunday,True
2015-04-13,2015,2,Q2 2015,4,April,Apr,2015-04,13,1,Monday,False
2015-04-14,2015,2,Q2 2015,4,April,Apr,2015-04,14,2,Tuesday,False
2015-04-15,2015,2,Q2 2015,4,April,Apr,2015-04,15,3,Wednesday,False
2015-04-16,2015,2,Q2 2015,4,April,Apr,2015-04,16,4,Thursday,False
2015-04-17,2015,2,Q2 2015,4,April,Apr,2015-04,17,5,Friday,False
2015-04-18,2015,2,Q2 2015,4,April,Apr,2015-04,18,6,Saturday,True
2015-04-19,2015,2,Q2 2015,4,April,Apr,2015-04,19,7,Sunday,True
2015-04-20,2015,2,Q2 2015,4,April,Apr,2015-04,20,1,Monday,False
2015-04-21,2015,2,Q2 2015,4,April,Apr,2015-04,21,2,Tuesday,False
2015-04-22,2015,2,Q2 2015,4,April,Apr,2015-04,22,3,Wednesday,False
2015-04-23,2015,2,Q2 2015,4,April,Apr,2015-04,23,4,Thursday,False
2015-04-24,2015,2,Q2 2015,4,April,Apr,2015-04,24,5,Friday,False
2015-04-25,2015,2,Q2 2015,4,April,Apr,2015-04,25,6,Saturday,True
2015-04-26,2015,2,Q2 2015,4,April,Apr,2015-04,26,7,Sunday,True
2015-04-27,2015,2,Q2 2015,4,April,Apr,2015-04,27,1,Monday,False
2015-04-28,2015,2,Q2 2015,4,April,Apr,2015-04,28,2,Tuesday,False
2015-04-29,2015,2,Q2 2015,4,April,Apr,2015-04,29,3,Wednesday,False
2015-04-30,2015,2,Q2 2015,4,April,Apr,2015-04,30,4,Thursday,False
2015-05-01,2015,2,Q2 2015,5,May,May,2015-05,1,5,Friday,False
2015-05-02,2015,2,Q2 2015,5,May,May,2015-05,2,6,Saturday,True
2015-05-03,2015,2,Q2 2015,5,May,May,2015-05,3,7,Sunday,True
2015-05-04,2015,2,Q2 2015,5,May,May,2015-05,4,1,Monday,False
2015-05-05,2015,2,Q2 2015,5,May,May,2015-05,5,2,Tuesday,False
2015-05-06,2015,2,Q2 2015,5,May,May,2015-05,6,3,Wednesday,False
2015-05-07,2015,2,Q2 2015,5,May,May,2015-05,7,4,Thursday,False
2015-05-08,2015,2,Q2 2015,5,May,May,2015-05,8,5,Friday,False
2015-05-09,2015,2,Q2 2015,5,May,May,2015-05,9,6,Saturday,True
2015-05-10,2015,2,Q2 2015,5,May,May,2015-05,10,7,Sunday,True
2015-05-11,2015,2,Q2 2015,5,May,May,2015-05,11,1,Monday,False
2015-05-12,2015,2,Q2 2015,5,May,May,2015-05,12,2,Tuesday,False
2015-05-13,2015,2,Q2 2015,5,May,May,2015-05,13,3,Wednesday,False
2015-05-14,2015,2,Q2 2015,5,May,May,2015-05,14,4,Thursday,False
2015-05-15,2015,2,Q2 2015,5,May,May,2015-05,15,5,Friday,False
2015-05-16,2015,2,Q2 2015,5,May,May,2015-05,16,6,Saturday,True
2015-05-17,2015,2,Q2 2015,5,May,May,2015-05,17,7,Sunday,True
2015-05-18,2015,2,Q2 2015,5,May,May,2015-05,18,1,Monday,False
2015-05-19,2015,2,Q2 2015,5,May,May,2015-05,19,2,Tuesday,False
2015-05-20,2015,2,Q2 2015,5,May,May,2015-05,20,3,Wednesday,False
2015-05-21,2015,2,Q2 2015,5,May,May,2015-05,21,4,Thursday,False
2015-05-22,2015,2,Q2 2015,5,May,May,2015-05,22,5,Friday,False
2015-05-23,2015,2,Q2 2015,5,May,May,2015-05,23,6,Saturday,True
2015-05-24,2015,2,Q2 2015,5,May,May,2015-05,24,7,Sunday,True
2015-05-25,2015,2,Q2 2015,5,May,May,2015-05,25,1,Monday,False
2015-05-26,2015,2,Q2 2015,5,May,May,2015-05,26,2,Tuesday,False
2015-05-27,2015,2,Q2 2015,5,May,May,2015-05,27,3,Wednesday,False
2015-05-28,2015,2,Q2 2015,5,May,May,2015-05,28,4,Thursday,False
2015-05-29,2015,2,Q2 2015,5,May,May,2015-05,29,5,Friday,False
2015-05-30,2015,2,Q2 2015,5,May,May,2015-05,30,6,Saturday,True
2015-05-31,2015,2,Q2 2015,5,May,May,2015-05,31,7,Sunday,True
2015-06-01,2015,2,Q2 2015,6,June,Jun,2015-06,1,1,Monday,False
2015-06-02,2015,2,Q2 2015,6,June,Jun,2015-06,2,2,Tuesday,False
2015-06-03,2015,2,Q2 2015,6,June,Jun,2015-06,3,3,Wednesday,False
2015-06-04,2015,2,Q2 2015,6,June,Jun,2015-06,4,4,Thursday,False
2015-06-05,2015,2,Q2 2015,6,June,Jun,2015-06,5,5,Friday,False
2015-06-06,2015,2,Q2 2015,6,June,Jun,2015-06,6,6,Saturday,True
2015-06-07,2015,2,Q2 2015,6,June,Jun,2015-06,7,7,Sunday,True
2015-06-08,2015,2,Q2 2015,6,June,Jun,2015-06,8,1,Monday,False
2015-06-09,2015,2,Q2 2015,6,June,Jun,2015-06,9,2,Tuesday,False
2015-06-10,2015,2,Q2 2015,6,June,Jun,2015-06,10,3,Wednesday,False
2015-06-11,2015,2,Q2 2015,6,June,Jun,2015-06,11,4,Thursday,False
2015-06-12,2015,2,Q2 2015,6,June,Jun,2015-06,12,5,Friday,False
2015-06-13,2015,2,Q2 2015,6,June,Jun,2015-06,13,6,Saturday,True
2015-06-14,2015,2,Q2 2015,6,June,Jun,2015-06,14,7,Sunday,True
2015-06-15,2015,2,Q2 2015,6,June,Jun,2015-06,15,1,Monday,False
2015-06-16,2015,2,Q2 2015,6,June,Jun,2015-06,16,2,Tuesday,False
2015-06-17,2015,2,Q2 2015,6,June,Jun,2015-06,17,3,Wednesday,False
2015-06-18,2015,2,Q2 2015,6,June,Jun,2015-06,18,4,Thursday,False
2015-06-19,2015,2,Q2 2015,6,June,Jun,2015-06,19,5,Friday,False
2015-06-20,2015,2,Q2 2015,6,June,Jun,2015-06,20,6,Saturday,True
2015-06-21,2015,2,Q2 2015,6,June,Jun,2015-06,21,7,Sunday,True
2015-06-22,2015,2,Q2 2015,6,June,Jun,2015-06,22,1,Monday,False
2015-06-23,2015,2,Q2 2015,6,June,Jun,2015-06,23,2,Tuesday,False
2015-06-24,2015,2,Q2 2015,6,June,Jun,2015-06,24,3,Wednesday,False
2015-06-25,2015,2,Q2 2015,6,June,Jun,2015-06,25,4,Thursday,False
2015-06-26,2015,2,Q2 2015,6,June,Jun,2015-06,26,5,Friday,False
2015-06-27,2015,2,Q2 2015,6,June,Jun,2015-06,27,6,Saturday,True
2015-06-28,2015,2,Q2 2015,6,June,Jun,2015-06,28,7,Sunday,True
2015-06-29,2015,2,Q2 2015,6,June,Jun,2015-06,29,1,Monday,False
2015-06-30,2015,2,Q2 2015,6,June,Jun,2015-06,30,2,Tuesday,False
2015-07-01,2015,3,Q3 2015,7,July,Jul,2015-07,1,3,Wednesday,False
2015-07-02,2015,3,Q3 2015,7,July,Jul,2015-07,2,4,Thursday,False
2015-07-03,2015,3,Q3 2015,7,July,Jul,2015-07,3,5,Friday,False
2015-07-04,2015,3,Q3 2015,7,July,Jul,2015-07,4,6,Saturday,True
2015-07-05,2015,3,Q3 2015,7,July,Jul,2015-07,5,7,Sunday,True
2015-07-06,2015,3,Q3 2015,7,July,Jul,2015-07,6,1,Monday,False
2015-07-07,2015,3,Q3 2015,7,July,Jul,2015-07,7,2,Tuesday,False
2015-07-08,2015,3,Q3 2015,7,July,Jul,2015-07,8,3,Wednesday,False
2015-07-09,2015,3,Q3 2015,7,July,Jul,2015-07,9,4,Thursday,False
2015-07-10,2015,3,Q3 2015,7,July,Jul,2015-07,10,5,Friday,False
2015-07-11,2015,3,Q3 2015,7,July,Jul,2015-07,11,6,Saturday,True
2015-07-12,2015,3,Q3 2015,7,July,Jul,2015-07,12,7,Sunday,True
2015-07-13,2015,3,Q3 2015,7,July,Jul,2015-07,13,1,Monday,False
2015-07-14,2015,3,Q3 2015,7,July,Jul,2015-07,14,2,Tuesday,False
2015-07-15,2015,3,Q3 2015,7,July,Jul,2015-07,15,3,Wednesday,False
2015-07-16,2015,3,Q3 2015,7,July,Jul,2015-07,16,4,Thursday,False
2015-07-17,2015,3,Q3 2015,7,July,Jul,2015-07,17,5,Friday,False
2015-07-18,2015,3,Q3 2015,7,July,Jul,2015-07,18,6,Saturday,True
2015-07-19,2015,3,Q3 2015,7,July,Jul,2015-07,19,7,Sunday,True
2015-07-20,2015,3,Q3 2015,7,July,Jul,2015-07,20,1,Monday,False
2015-07-21,2015,3,Q3 2015,7,July,Jul,2015-07,21,2,Tuesday,False
2015-07-22,2015,3,Q3 2015,7,July,Jul,2015-07,22,3,Wednesday,False
2015-07-23,2015,3,Q3 2015,7,July,Jul,2015-07,23,4,Thursday,False
2015-07-24,2015,3,Q3 2015,7,July,Jul,2015-07,24,5,Friday,False
2015-07-25,2015,3,Q3 2015,7,July,Jul,2015-07,25,6,Saturday,True
2015-07-26,2015,3,Q3 2015,7,July,Jul,2015-07,26,7,Sunday,True
2015-07-27,2015,3,Q3 2015,7,July,Jul,2015-07,27,1,Monday,False
2015-07-28,2015,3,Q3 2015,7,July,Jul,2015-07,28,2,Tuesday,False
2015-07-29,2015,3,Q3 2015,7,July,Jul,2015-07,29,3,Wednesday,False
2015-07-30,2015,3,Q3 2015,7,July,Jul,2015-07,30,4,Thursday,False
2015-07-31,2015,3,Q3 2015,7,July,Jul,2015-07,31,5,Friday,False
2015-08-01,2015,3,Q3 2015,8,August,Aug,2015-08,1,6,Saturday,True
2015-08-02,2015,3,Q3 2015,8,August,Aug,2015-08,2,7,Sunday,True
2015-08-03,2015,3,Q3 2015,8,August,Aug,2015-08,3,1,Monday,False
2015-08-04,2015,3,Q3 2015,8,August,Aug,2015-08,4,2,Tuesday,False
2015-08-05,2015,3,Q3 2015,8,August,Aug,2015-08,5,3,Wednesday,False
2015-08-06,2015,3,Q3 2015,8,August,Aug,2015-08,6,4,Thursday,False
2015-08-07,2015,3,Q3 2015,8,August,Aug,2015-08,7,5,Friday,False
2015-08-08,2015,3,Q3 2015,8,August,Aug,2015-08,8,6,Saturday,True
2015-08-09,2015,3,Q3 2015,8,August,Aug,2015-08,9,7,Sunday,True
2015-08-10,2015,3,Q3 2015,8,August,Aug,2015-08,10,1,Monday,False
2015-08-11,2015,3,Q3 2015,8,August,Aug,2015-08,11,2,Tuesday,False
2015-08-12,2015,3,Q3 2015,8,August,Aug,2015-08,12,3,Wednesday,False
2015-08-13,2015,3,Q3 2015,8,August,Aug,2015-08,13,4,Thursday,False
2015-08-14,2015,3,Q3 2015,8,August,Aug,2015-08,14,5,Friday,False
2015-08-15,2015,3,Q3 2015,8,August,Aug,2015-08,15,6,Saturday,True
2015-08-16,2015,3,Q3 2015,8,August,Aug,2015-08,16,7,Sunday,True
2015-08-17,2015,3,Q3 2015,8,August,Aug,2015-08,17,1,Monday,False
2015-08-18,2015,3,Q3 2015,8,August,Aug,2015-08,18,2,Tuesday,False
2015-08-19,2015,3,Q3 2015,8,August,Aug,2015-08,19,3,Wednesday,False
2015-08-20,2015,3,Q3 2015,8,August,Aug,2015-08,20,4,Thursday,False
2015-08-21,2015,3,Q3 2015,8,August,Aug,2015-08,21,5,Friday,False
2015-08-22,2015,3,Q3 2015,8,August,Aug,2015-08,22,6,Saturday,True
2015-08-23,2015,3,Q3 2015,8,August,Aug,2015-08,23,7,Sunday,True
2015-08-24,2015,3,Q3 2015,8,August,Aug,2015-08,24,1,Monday,False
2015-08-25,2015,3,Q3 2015,8,August,Aug,2015-08,25,2,Tuesday,False
2015-08-26,2015,3,Q3 2015,8,August,Aug,2015-08,26,3,Wednesday,False
2015-08-27,2015,3,Q3 2015,8,August,Aug,2015-08,27,4,Thursday,False
2015-08-28,2015,3,Q3 2015,8,August,Aug,2015-08,28,5,Friday,False
2015-08-29,2015,3,Q3 2015,8,August,Aug,2015-08,29,6,Saturday,True
2015-08-30,2015,3,Q3 2015,8,August,Aug,2015-08,30,7,Sunday,True
2015-08-31,2015,3,Q3 2015,8,August,Aug,2015-08,31,1,Monday,False
2015-09-01,2015,3,Q3 2015,9,September,Sep,2015-09,1,2,Tuesday,False
2015-09-02,2015,3,Q3 2015,9,September,Sep,2015-09,2,3,Wednesday,False
2015-09-03,2015,3,Q3 2015,9,September,Sep,2015-09,3,4,Thursday,False
2015-09-04,2015,3,Q3 2015,9,September,Sep,2015-09,4,5,Friday,False
2015-09-05,2015,3,Q3 2015,9,September,Sep,2015-09,5,6,Saturday,True
2015-09-06,2015,3,Q3 2015,9,September,Sep,2015-09,6,7,Sunday,True
2015-09-07,2015,3,Q3 2015,9,September,Sep,2015-09,7,1,Monday,False
2015-09-08,2015,3,Q3 2015,9,September,Sep,2015-09,8,2,Tuesday,False
2015-09-09,2015,3,Q3 2015,9,September,Sep,2015-09,9,3,Wednesday,False
2015-09-10,2015,3,Q3 2015,9,September,Sep,2015-09,10,4,Thursday,False
2015-09-11,2015,3,Q3 2015,9,September,Sep,2015-09,11,5,Friday,False
2015-09-12,2015,3,Q3 2015,9,September,Sep,2015-09,12,6,Saturday,True
2015-09-13,2015,3,Q3 2015,9,September,Sep,2015-09,13,7,Sunday,True
2015-09-14,2015,3,Q3 2015,9,September,Sep,2015-09,14,1,Monday,False
2015-09-15,2015,3,Q3 2015,9,September,Sep,2015-09,15,2,Tuesday,False
2015-09-16,2015,3,Q3 2015,9,September,Sep,2015-09,16,3,Wednesday,False
2015-09-17,2015,3,Q3 2015,9,September,Sep,2015-09,17,4,Thursday,False
2015-09-18,2015,3,Q3 2015,9,September,Sep,2015-09,18,5,Friday,False
2015-09-19,2015,3,Q3 2015,9,September,Sep,2015-09,19,6,Saturday,True
2015-09-20,2015,3,Q3 2015,9,September,Sep,2015-09,20,7,Sunday,True
2015-09-21,2015,3,Q3 2015,9,September,Sep,2015-09,21,1,Monday,False
2015-09-22,2015,3,Q3 2015,9,September,Sep,2015-09,22,2,Tuesday,False
2015-09-23,2015,3,Q3 2015,9,September,Sep,2015-09,23,3,Wednesday,False
2015-09-24,2015,3,Q3 2015,9,September,Sep,2015-09,24,4,Thursday,False
2015-09-25,2015,3,Q3 2015,9,September,Sep,2015-09,25,5,Friday,False
2015-09-26,2015,3,Q3 2015,9,September,Sep,2015-09,26,6,Saturday,True
2015-09-27,2015,3,Q3 2015,9,September,Sep,2015-09,27,7,Sunday,True
2015-09-28,2015,3,Q3 2015,9,September,Sep,2015-09,28,1,Monday,False
2015-09-29,2015,3,Q3 2015,9,September,Sep,2015-09,29,2,Tuesday,False
2015-09-30,2015,3,Q3 2015,9,September,Sep,2015-09,30,3,Wednesday,False
2015-10-01,2015,4,Q4 2015,10,October,Oct,2015-10,1,4,Thursday,False
2015-10-02,2015,4,Q4 2015,10,October,Oct,2015-10,2,5,Friday,False
2015-10-03,2015,4,Q4 2015,10,October,Oct,2015-10,3,6,Saturday,True
2015-10-04,2015,4,Q4 2015,10,October,Oct,2015-10,4,7,Sunday,True
2015-10-05,2015,4,Q4 2015,10,October,Oct,2015-10,5,1,Monday,False
2015-10-06,2015,4,Q4 2015,10,October,Oct,2015-10,6,2,Tuesday,False
2015-10-07,2015,4,Q4 2015,10,October,Oct,2015-10,7,3,Wednesday,False
2015-10-08,2015,4,Q4 2015,10,October,Oct,2015-10,8,4,Thursday,False
2015-10-09,2015,4,Q4 2015,10,October,Oct,2015-10,9,5,Friday,False
2015-10-10,2015,4,Q4 2015,10,October,Oct,2015-10,10,6,Saturday,True
2015-10-11,2015,4,Q4 2015,10,October,Oct,2015-10,11,7,Sunday,True
2015-10-12,2015,4,Q4 2015,10,October,Oct,2015-10,12,1,Monday,False
2015-10-13,2015,4,Q4 2015,10,October,Oct,2015-10,13,2,Tuesday,False
2015-10-14,2015,4,Q4 2015,10,October,Oct,2015-10,14,3,Wednesday,False
2015-10-15,2015,4,Q4 2015,10,October,Oct,2015-10,15,4,Thursday,False
2015-10-16,2015,4,Q4 2015,10,October,Oct,2015-10,16,5,Friday,False
2015-10-17,2015,4,Q4 2015,10,October,Oct,2015-10,17,6,Saturday,True
2015-10-18,2015,4,Q4 2015,10,October,Oct,2015-10,18,7,Sunday,True
2015-10-19,2015,4,Q4 2015,10,October,Oct,2015-10,19,1,Monday,False
2015-10-20,2015,4,Q4 2015,10,October,Oct,2015-10,20,2,Tuesday,False
2015-10-21,2015,4,Q4 2015,10,October,Oct,2015-10,21,3,Wednesday,False
2015-10-22,2015,4,Q4 2015,10,October,Oct,2015-10,22,4,Thursday,False
2015-10-23,2015,4,Q4 2015,10,October,Oct,2015-10,23,5,Friday,False
2015-10-24,2015,4,Q4 2015,10,October,Oct,2015-10,24,6,Saturday,True
2015-10-25,2015,4,Q4 2015,10,October,Oct,2015-10,25,7,Sunday,True
2015-10-26,2015,4,Q4 2015,10,October,Oct,2015-10,26,1,Monday,False
2015-10-27,2015,4,Q4 2015,10,October,Oct,2015-10,27,2,Tuesday,False
2015-10-28,2015,4,Q4 2015,10,October,Oct,2015-10,28,3,Wednesday,False
2015-10-29,2015,4,Q4 2015,10,October,Oct,2015-10,29,4,Thursday,False
2015-10-30,2015,4,Q4 2015,10,October,Oct,2015-10,30,5,Friday,False
2015-10-31,2015,4,Q4 2015,10,October,Oct,2015-10,31,6,Saturday,True
2015-11-01,2015,4,Q4 2015,11,November,Nov,2015-11,1,7,Sunday,True
2015-11-02,2015,4,Q4 2015,11,November,Nov,2015-11,2,1,Monday,False
2015-11-03,2015,4,Q4 2015,11,November,Nov,2015-11,3,2,Tuesday,False
2015-11-04,2015,4,Q4 2015,11,November,Nov,2015-11,4,3,Wednesday,False
2015-11-05,2015,4,Q4 2015,11,November,Nov,2015-11,5,4,Thursday,False
2015-11-06,2015,4,Q4 2015,11,November,Nov,2015-11,6,5,Friday,False
2015-11-07,2015,4,Q4 2015,11,November,Nov,2015-11,7,6,Saturday,True
2015-11-08,2015,4,Q4 2015,11,November,Nov,2015-11,8,7,Sunday,True
2015-11-09,2015,4,Q4 2015,11,November,Nov,2015-11,9,1,Monday,False
2015-11-10,2015,4,Q4 2015,11,November,Nov,2015-11,10,2,Tuesday,False
2015-11-11,2015,4,Q4 2015,11,November,Nov,2015-11,11,3,Wednesday,False
2015-11-12,2015,4,Q4 2015,11,November,Nov,2015-11,12,4,Thursday,False
2015-11-13,2015,4,Q4 2015,11,November,Nov,2015-11,13,5,Friday,False
2015-11-14,2015,4,Q4 2015,11,November,Nov,2015-11,14,6,Saturday,True
2015-11-15,2015,4,Q4 2015,11,November,Nov,2015-11,15,7,Sunday,True
2015-11-16,2015,4,Q4 2015,11,November,Nov,2015-11,16,1,Monday,False
2015-11-17,2015,4,Q4 2015,11,November,Nov,2015-11,17,2,Tuesday,False
2015-11-18,2015,4,Q4 2015,11,November,Nov,2015-11,18,3,Wednesday,False
2015-11-19,2015,4,Q4 2015,11,November,Nov,2015-11,19,4,Thursday,False
2015-11-20,2015,4,Q4 2015,11,November,Nov,2015-11,20,5,Friday,False
2015-11-21,2015,4,Q4 2015,11,November,Nov,2015-11,21,6,Saturday,True
2015-11-22,2015,4,Q4 2015,11,November,Nov,2015-11,22,7,Sunday,True
2015-11-23,2015,4,Q4 2015,11,November,Nov,2015-11,23,1,Monday,False
2015-11-24,2015,4,Q4 2015,11,November,Nov,2015-11,24,2,Tuesday,False
2015-11-25,2015,4,Q4 2015,11,November,Nov,2015-11,25,3,Wednesday,False
2015-11-26,2015,4,Q4 2015,11,November,Nov,2015-11,26,4,Thursday,False
2015-11-27,2015,4,Q4 2015,11,November,Nov,2015-11,27,5,Friday,False
2015-11-28,2015,4,Q4 2015,11,November,Nov,2015-11,28,6,Saturday,True
2015-11-29,2015,4,Q4 2015,11,November,Nov,2015-11,29,7,Sunday,True
2015-11-30,2015,4,Q4 2015,11,November,Nov,2015-11,30,1,Monday,False
2015-12-01,2015,4,Q4 2015,12,December,Dec,2015-12,1,2,Tuesday,False
2015-12-02,2015,4,Q4 2015,12,December,Dec,2015-12,2,3,Wednesday,False
2015-12-03,2015,4,Q4 2015,12,December,Dec,2015-12,3,4,Thursday,False
2015-12-04,2015,4,Q4 2015,12,December,Dec,2015-12,4,5,Friday,False
2015-12-05,2015,4,Q4 2015,12,December,Dec,2015-12,5,6,Saturday,True
2015-12-06,2015,4,Q4 2015,12,December,Dec,2015-12,6,7,Sunday,True
2015-12-07,2015,4,Q4 2015,12,December,Dec,2015-12,7,1,Monday,False
2015-12-08,2015,4,Q4 2015,12,December,Dec,2015-12,8,2,Tuesday,False
2015-12-09,2015,4,Q4 2015,12,December,Dec,2015-12,9,3,Wednesday,False
2015-12-10,2015,4,Q4 2015,12,December,Dec,2015-12,10,4,Thursday,False
2015-12-11,2015,4,Q4 2015,12,December,Dec,2015-12,11,5,Friday,False
2015-12-12,2015,4,Q4 2015,12,December,Dec,2015-12,12,6,Saturday,True
2015-12-13,2015,4,Q4 2015,12,December,Dec,2015-12,13,7,Sunday,True
2015-12-14,2015,4,Q4 2015,12,December,Dec,2015-12,14,1,Monday,False
2015-12-15,2015,4,Q4 2015,12,December,Dec,2015-12,15,2,Tuesday,False
2015-12-16,2015,4,Q4 2015,12,December,Dec,2015-12,16,3,Wednesday,False
2015-12-17,2015,4,Q4 2015,12,December,Dec,2015-12,17,4,Thursday,False
2015-12-18,2015,4,Q4 2015,12,December,Dec,2015-12,18,5,Friday,False
2015-12-19,2015,4,Q4 2015,12,December,Dec,2015-12,19,6,Saturday,True
2015-12-20,2015,4,Q4 2015,12,December,Dec,2015-12,20,7,Sunday,True
2015-12-21,2015,4,Q4 2015,12,December,Dec,2015-12,21,1,Monday,False
2015-12-22,2015,4,Q4 2015,12,December,Dec,2015-12,22,2,Tuesday,False
2015-12-23,2015,4,Q4 2015,12,December,Dec,2015-12,23,3,Wednesday,False
2015-12-24,2015,4,Q4 2015,12,December,Dec,2015-12,24,4,Thursday,False
2015-12-25,2015,4,Q4 2015,12,December,Dec,2015-12,25,5,Friday,False
2015-12-26,2015,4,Q4 2015,12,December,Dec,2015-12,26,6,Saturday,True
2015-12-27,2015,4,Q4 2015,12,December,Dec,2015-12,27,7,Sunday,True
2015-12-28,2015,4,Q4 2015,12,December,Dec,2015-12,28,1,Monday,False
2015-12-29,2015,4,Q4 2015,12,December,Dec,2015-12,29,2,Tuesday,False
2015-12-30,2015,4,Q4 2015,12,December,Dec,2015-12,30,3,Wednesday,False
2015-12-31,2015,4,Q4 2015,12,December,Dec,2015-12,31,4,Thursday,False
2016-01-01,2016,1,Q1 2016,1,January,Jan,2016-01,1,5,Friday,False
2016-01-02,2016,1,Q1 2016,1,January,Jan,2016-01,2,6,Saturday,True
2016-01-03,2016,1,Q1 2016,1,January,Jan,2016-01,3,7,Sunday,True
2016-01-04,2016,1,Q1 2016,1,January,Jan,2016-01,4,1,Monday,False
2016-01-05,2016,1,Q1 2016,1,January,Jan,2016-01,5,2,Tuesday,False
2016-01-06,2016,1,Q1 2016,1,January,Jan,2016-01,6,3,Wednesday,False
2016-01-07,2016,1,Q1 2016,1,January,Jan,2016-01,7,4,Thursday,False
2016-01-08,2016,1,Q1 2016,1,January,Jan,2016-01,8,5,Friday,False
2016-01-09,2016,1,Q1 2016,1,January,Jan,2016-01,9,6,Saturday,True
2016-01-10,2016,1,Q1 2016,1,January,Jan,2016-01,10,7,Sunday,True
2016-01-11,2016,1,Q1 2016,1,January,Jan,2016-01,11,1,Monday,False
2016-01-12,2016,1,Q1 2016,1,January,Jan,2016-01,12,2,Tuesday,False
2016-01-13,2016,1,Q1 2016,1,January,Jan,2016-01,13,3,Wednesday,False
2016-01-14,2016,1,Q1 2016,1,January,Jan,2016-01,14,4,Thursday,False
2016-01-15,2016,1,Q1 2016,1,January,Jan,2016-01,15,5,Friday,False
2016-01-16,2016,1,Q1 2016,1,January,Jan,2016-01,16,6,Saturday,True
2016-01-17,2016,1,Q1 2016,1,January,Jan,2016-01,17,7,Sunday,True
2016-01-18,2016,1,Q1 2016,1,January,Jan,2016-01,18,1,Monday,False
2016-01-19,2016,1,Q1 2016,1,January,Jan,2016-01,19,2,Tuesday,False
2016-01-20,2016,1,Q1 2016,1,January,Jan,2016-01,20,3,Wednesday,False
2016-01-21,2016,1,Q1 2016,1,January,Jan,2016-01,21,4,Thursday,False
2016-01-22,2016,1,Q1 2016,1,January,Jan,2016-01,22,5,Friday,False
2016-01-23,2016,1,Q1 2016,1,January,Jan,2016-01,23,6,Saturday,True
2016-01-24,2016,1,Q1 2016,1,January,Jan,2016-01,24,7,Sunday,True
2016-01-25,2016,1,Q1 2016,1,January,Jan,2016-01,25,1,Monday,False
2016-01-26,2016,1,Q1 2016,1,January,Jan,2016-01,26,2,Tuesday,False
2016-01-27,2016,1,Q1 2016,1,January,Jan,2016-01,27,3,Wednesday,False
2016-01-28,2016,1,Q1 2016,1,January,Jan,2016-01,28,4,Thursday,False
2016-01-29,2016,1,Q1 2016,1,January,Jan,2016-01,29,5,Friday,False
2016-01-30,2016,1,Q1 2016,1,January,Jan,2016-01,30,6,Saturday,True
2016-01-31,2016,1,Q1 2016,1,January,Jan,2016-01,31,7,Sunday,True
2016-02-01,2016,1,Q1 2016,2,February,Feb,2016-02,1,1,Monday,False
2016-02-02,2016,1,Q1 2016,2,February,Feb,2016-02,2,2,Tuesday,False
2016-02-03,2016,1,Q1 2016,2,February,Feb,2016-02,3,3,Wednesday,False
2016-02-04,2016,1,Q1 2016,2,February,Feb,2016-02,4,4,Thursday,False
2016-02-05,2016,1,Q1 2016,2,February,Feb,2016-02,5,5,Friday,False
2016-02-06,2016,1,Q1 2016,2,February,Feb,2016-02,6,6,Saturday,True
2016-02-07,2016,1,Q1 2016,2,February,Feb,2016-02,7,7,Sunday,True
2016-02-08,2016,1,Q1 2016,2,February,Feb,2016-02,8,1,Monday,False
2016-02-09,2016,1,Q1 2016,2,February,Feb,2016-02,9,2,Tuesday,False
2016-02-10,2016,1,Q1 2016,2,February,Feb,2016-02,10,3,Wednesday,False
2016-02-11,2016,1,Q1 2016,2,February,Feb,2016-02,11,4,Thursday,False
2016-02-12,2016,1,Q1 2016,2,February,Feb,2016-02,12,5,Friday,False
2016-02-13,2016,1,Q1 2016,2,February,Feb,2016-02,13,6,Saturday,True
2016-02-14,2016,1,Q1 2016,2,February,Feb,2016-02,14,7,Sunday,True
2016-02-15,2016,1,Q1 2016,2,February,Feb,2016-02,15,1,Monday,False
2016-02-16,2016,1,Q1 2016,2,February,Feb,2016-02,16,2,Tuesday,False
2016-02-17,2016,1,Q1 2016,2,February,Feb,2016-02,17,3,Wednesday,False
2016-02-18,2016,1,Q1 2016,2,February,Feb,2016-02,18,4,Thursday,False
2016-02-19,2016,1,Q1 2016,2,February,Feb,2016-02,19,5,Friday,False
2016-02-20,2016,1,Q1 2016,2,February,Feb,2016-02,20,6,Saturday,True
2016-02-21,2016,1,Q1 2016,2,February,Feb,2016-02,21,7,Sunday,True
2016-02-22,2016,1,Q1 2016,2,February,Feb,2016-02,22,1,Monday,False
2016-02-23,2016,1,Q1 2016,2,February,Feb,2016-02,23,2,Tuesday,False
2016-02-24,2016,1,Q1 2016,2,February,Feb,2016-02,24,3,Wednesday,False
2016-02-25,2016,1,Q1 2016,2,February,Feb,2016-02,25,4,Thursday,False
2016-02-26,2016,1,Q1 2016,2,February,Feb,2016-02,26,5,Friday,False
2016-02-27,2016,1,Q1 2016,2,February,Feb,2016-02,27,6,Saturday,True
2016-02-28,2016,1,Q1 2016,2,February,Feb,2016-02,28,7,Sunday,True
2016-02-29,2016,1,Q1 2016,2,February,Feb,2016-02,29,1,Monday,False
2016-03-01,2016,1,Q1 2016,3,March,Mar,2016-03,1,2,Tuesday,False
2016-03-02,2016,1,Q1 2016,3,March,Mar,2016-03,2,3,Wednesday,False
2016-03-03,2016,1,Q1 2016,3,March,Mar,2016-03,3,4,Thursday,False
2016-03-04,2016,1,Q1 2016,3,March,Mar,2016-03,4,5,Friday,False
2016-03-05,2016,1,Q1 2016,3,March,Mar,2016-03,5,6,Saturday,True
2016-03-06,2016,1,Q1 2016,3,March,Mar,2016-03,6,7,Sunday,True
2016-03-07,2016,1,Q1 2016,3,March,Mar,2016-03,7,1,Monday,False
2016-03-08,2016,1,Q1 2016,3,March,Mar,2016-03,8,2,Tuesday,False
2016-03-09,2016,1,Q1 2016,3,March,Mar,2016-03,9,3,Wednesday,False
2016-03-10,2016,1,Q1 2016,3,March,Mar,2016-03,10,4,Thursday,False
2016-03-11,2016,1,Q1 2016,3,March,Mar,2016-03,11,5,Friday,False
2016-03-12,2016,1,Q1 2016,3,March,Mar,2016-03,12,6,Saturday,True
2016-03-13,2016,1,Q1 2016,3,March,Mar,2016-03,13,7,Sunday,True
2016-03-14,2016,1,Q1 2016,3,March,Mar,2016-03,14,1,Monday,False
2016-03-15,2016,1,Q1 2016,3,March,Mar,2016-03,15,2,Tuesday,False
2016-03-16,2016,1,Q1 2016,3,March,Mar,2016-03,16,3,Wednesday,False
2016-03-17,2016,1,Q1 2016,3,March,Mar,2016-03,17,4,Thursday,False
2016-03-18,2016,1,Q1 2016,3,March,Mar,2016-03,18,5,Friday,False
2016-03-19,2016,1,Q1 2016,3,March,Mar,2016-03,19,6,Saturday,True
2016-03-20,2016,1,Q1 2016,3,March,Mar,2016-03,20,7,Sunday,True
2016-03-21,2016,1,Q1 2016,3,March,Mar,2016-03,21,1,Monday,False
2016-03-22,2016,1,Q1 2016,3,March,Mar,2016-03,22,2,Tuesday,False
2016-03-23,2016,1,Q1 2016,3,March,Mar,2016-03,23,3,Wednesday,False
2016-03-24,2016,1,Q1 2016,3,March,Mar,2016-03,24,4,Thursday,False
2016-03-25,2016,1,Q1 2016,3,March,Mar,2016-03,25,5,Friday,False
2016-03-26,2016,1,Q1 2016,3,March,Mar,2016-03,26,6,Saturday,True
2016-03-27,2016,1,Q1 2016,3,March,Mar,2016-03,27,7,Sunday,True
2016-03-28,2016,1,Q1 2016,3,March,Mar,2016-03,28,1,Monday,False
2016-03-29,2016,1,Q1 2016,3,March,Mar,2016-03,29,2,Tuesday,False
2016-03-30,2016,1,Q1 2016,3,March,Mar,2016-03,30,3,Wednesday,False
2016-03-31,2016,1,Q1 2016,3,March,Mar,2016-03,31,4,Thursday,False
2016-04-01,2016,2,Q2 2016,4,April,Apr,2016-04,1,5,Friday,False
2016-04-02,2016,2,Q2 2016,4,April,Apr,2016-04,2,6,Saturday,True
2016-04-03,2016,2,Q2 2016,4,April,Apr,2016-04,3,7,Sunday,True
2016-04-04,2016,2,Q2 2016,4,April,Apr,2016-04,4,1,Monday,False
2016-04-05,2016,2,Q2 2016,4,April,Apr,2016-04,5,2,Tuesday,False
2016-04-06,2016,2,Q2 2016,4,April,Apr,2016-04,6,3,Wednesday,False
2016-04-07,2016,2,Q2 2016,4,April,Apr,2016-04,7,4,Thursday,False
2016-04-08,2016,2,Q2 2016,4,April,Apr,2016-04,8,5,Friday,False
2016-04-09,2016,2,Q2 2016,4,April,Apr,2016-04,9,6,Saturday,True
2016-04-10,2016,2,Q2 2016,4,April,Apr,2016-04,10,7,Sunday,True
2016-04-11,2016,2,Q2 2016,4,April,Apr,2016-04,11,1,Monday,False
2016-04-12,2016,2,Q2 2016,4,April,Apr,2016-04,12,2,Tuesday,False
2016-04-13,2016,2,Q2 2016,4,April,Apr,2016-04,13,3,Wednesday,False
2016-04-14,2016,2,Q2 2016,4,April,Apr,2016-04,14,4,Thursday,False
2016-04-15,2016,2,Q2 2016,4,April,Apr,2016-04,15,5,Friday,False
2016-04-16,2016,2,Q2 2016,4,April,Apr,2016-04,16,6,Saturday,True
2016-04-17,2016,2,Q2 2016,4,April,Apr,2016-04,17,7,Sunday,True
2016-04-18,2016,2,Q2 2016,4,April,Apr,2016-04,18,1,Monday,False
2016-04-19,2016,2,Q2 2016,4,April,Apr,2016-04,19,2,Tuesday,False
2016-04-20,2016,2,Q2 2016,4,April,Apr,2016-04,20,3,Wednesday,False
2016-04-21,2016,2,Q2 2016,4,April,Apr,2016-04,21,4,Thursday,False
2016-04-22,2016,2,Q2 2016,4,April,Apr,2016-04,22,5,Friday,False
2016-04-23,2016,2,Q2 2016,4,April,Apr,2016-04,23,6,Saturday,True
2016-04-24,2016,2,Q2 2016,4,April,Apr,2016-04,24,7,Sunday,True
2016-04-25,2016,2,Q2 2016,4,April,Apr,2016-04,25,1,Monday,False
2016-04-26,2016,2,Q2 2016,4,April,Apr,2016-04,26,2,Tuesday,False
2016-04-27,2016,2,Q2 2016,4,April,Apr,2016-04,27,3,Wednesday,False
2016-04-28,2016,2,Q2 2016,4,April,Apr,2016-04,28,4,Thursday,False
2016-04-29,2016,2,Q2 2016,4,April,Apr,2016-04,29,5,Friday,False
2016-04-30,2016,2,Q2 2016,4,April,Apr,2016-04,30,6,Saturday,True
2016-05-01,2016,2,Q2 2016,5,May,May,2016-05,1,7,Sunday,True
2016-05-02,2016,2,Q2 2016,5,May,May,2016-05,2,1,Monday,False
2016-05-03,2016,2,Q2 2016,5,May,May,2016-05,3,2,Tuesday,False
2016-05-04,2016,2,Q2 2016,5,May,May,2016-05,4,3,Wednesday,False
2016-05-05,2016,2,Q2 2016,5,May,May,2016-05,5,4,Thursday,False
2016-05-06,2016,2,Q2 2016,5,May,May,2016-05,6,5,Friday,False
2016-05-07,2016,2,Q2 2016,5,May,May,2016-05,7,6,Saturday,True
2016-05-08,2016,2,Q2 2016,5,May,May,2016-05,8,7,Sunday,True
2016-05-09,2016,2,Q2 2016,5,May,May,2016-05,9,1,Monday,False
2016-05-10,2016,2,Q2 2016,5,May,May,2016-05,10,2,Tuesday,False
2016-05-11,2016,2,Q2 2016,5,May,May,2016-05,11,3,Wednesday,False
2016-05-12,2016,2,Q2 2016,5,May,May,2016-05,12,4,Thursday,False
2016-05-13,2016,2,Q2 2016,5,May,May,2016-05,13,5,Friday,False
2016-05-14,2016,2,Q2 2016,5,May,May,2016-05,14,6,Saturday,True
2016-05-15,2016,2,Q2 2016,5,May,May,2016-05,15,7,Sunday,True
2016-05-16,2016,2,Q2 2016,5,May,May,2016-05,16,1,Monday,False
2016-05-17,2016,2,Q2 2016,5,May,May,2016-05,17,2,Tuesday,False
2016-05-18,2016,2,Q2 2016,5,May,May,2016-05,18,3,Wednesday,False
2016-05-19,2016,2,Q2 2016,5,May,May,2016-05,19,4,Thursday,False
2016-05-20,2016,2,Q2 2016,5,May,May,2016-05,20,5,Friday,False
2016-05-21,2016,2,Q2 2016,5,May,May,2016-05,21,6,Saturday,True
2016-05-22,2016,2,Q2 2016,5,May,May,2016-05,22,7,Sunday,True
2016-05-23,2016,2,Q2 2016,5,May,May,2016-05,23,1,Monday,False
2016-05-24,2016,2,Q2 2016,5,May,May,2016-05,24,2,Tuesday,False
2016-05-25,2016,2,Q2 2016,5,May,May,2016-05,25,3,Wednesday,False
2016-05-26,2016,2,Q2 2016,5,May,May,2016-05,26,4,Thursday,False
2016-05-27,2016,2,Q2 2016,5,May,May,2016-05,27,5,Friday,False
2016-05-28,2016,2,Q2 2016,5,May,May,2016-05,28,6,Saturday,True
2016-05-29,2016,2,Q2 2016,5,May,May,2016-05,29,7,Sunday,True
2016-05-30,2016,2,Q2 2016,5,May,May,2016-05,30,1,Monday,False
2016-05-31,2016,2,Q2 2016,5,May,May,2016-05,31,2,Tuesday,False
2016-06-01,2016,2,Q2 2016,6,June,Jun,2016-06,1,3,Wednesday,False
2016-06-02,2016,2,Q2 2016,6,June,Jun,2016-06,2,4,Thursday,False
2016-06-03,2016,2,Q2 2016,6,June,Jun,2016-06,3,5,Friday,False
2016-06-04,2016,2,Q2 2016,6,June,Jun,2016-06,4,6,Saturday,True
2016-06-05,2016,2,Q2 2016,6,June,Jun,2016-06,5,7,Sunday,True
2016-06-06,2016,2,Q2 2016,6,June,Jun,2016-06,6,1,Monday,False
2016-06-07,2016,2,Q2 2016,6,June,Jun,2016-06,7,2,Tuesday,False
2016-06-08,2016,2,Q2 2016,6,June,Jun,2016-06,8,3,Wednesday,False
2016-06-09,2016,2,Q2 2016,6,June,Jun,2016-06,9,4,Thursday,False
2016-06-10,2016,2,Q2 2016,6,June,Jun,2016-06,10,5,Friday,False
2016-06-11,2016,2,Q2 2016,6,June,Jun,2016-06,11,6,Saturday,True
2016-06-12,2016,2,Q2 2016,6,June,Jun,2016-06,12,7,Sunday,True
2016-06-13,2016,2,Q2 2016,6,June,Jun,2016-06,13,1,Monday,False
2016-06-14,2016,2,Q2 2016,6,June,Jun,2016-06,14,2,Tuesday,False
2016-06-15,2016,2,Q2 2016,6,June,Jun,2016-06,15,3,Wednesday,False
2016-06-16,2016,2,Q2 2016,6,June,Jun,2016-06,16,4,Thursday,False
2016-06-17,2016,2,Q2 2016,6,June,Jun,2016-06,17,5,Friday,False
2016-06-18,2016,2,Q2 2016,6,June,Jun,2016-06,18,6,Saturday,True
2016-06-19,2016,2,Q2 2016,6,June,Jun,2016-06,19,7,Sunday,True
2016-06-20,2016,2,Q2 2016,6,June,Jun,2016-06,20,1,Monday,False
2016-06-21,2016,2,Q2 2016,6,June,Jun,2016-06,21,2,Tuesday,False
2016-06-22,2016,2,Q2 2016,6,June,Jun,2016-06,22,3,Wednesday,False
2016-06-23,2016,2,Q2 2016,6,June,Jun,2016-06,23,4,Thursday,False
2016-06-24,2016,2,Q2 2016,6,June,Jun,2016-06,24,5,Friday,False
2016-06-25,2016,2,Q2 2016,6,June,Jun,2016-06,25,6,Saturday,True
2016-06-26,2016,2,Q2 2016,6,June,Jun,2016-06,26,7,Sunday,True
2016-06-27,2016,2,Q2 2016,6,June,Jun,2016-06,27,1,Monday,False
2016-06-28,2016,2,Q2 2016,6,June,Jun,2016-06,28,2,Tuesday,False
2016-06-29,2016,2,Q2 2016,6,June,Jun,2016-06,29,3,Wednesday,False
2016-06-30,2016,2,Q2 2016,6,June,Jun,2016-06,30,4,Thursday,False
2016-07-01,2016,3,Q3 2016,7,July,Jul,2016-07,1,5,Friday,False
2016-07-02,2016,3,Q3 2016,7,July,Jul,2016-07,2,6,Saturday,True
2016-07-03,2016,3,Q3 2016,7,July,Jul,2016-07,3,7,Sunday,True
2016-07-04,2016,3,Q3 2016,7,July,Jul,2016-07,4,1,Monday,False
2016-07-05,2016,3,Q3 2016,7,July,Jul,2016-07,5,2,Tuesday,False
2016-07-06,2016,3,Q3 2016,7,July,Jul,2016-07,6,3,Wednesday,False
2016-07-07,2016,3,Q3 2016,7,July,Jul,2016-07,7,4,Thursday,False
2016-07-08,2016,3,Q3 2016,7,July,Jul,2016-07,8,5,Friday,False
2016-07-09,2016,3,Q3 2016,7,July,Jul,2016-07,9,6,Saturday,True
2016-07-10,2016,3,Q3 2016,7,July,Jul,2016-07,10,7,Sunday,True
2016-07-11,2016,3,Q3 2016,7,July,Jul,2016-07,11,1,Monday,False
2016-07-12,2016,3,Q3 2016,7,July,Jul,2016-07,12,2,Tuesday,False
2016-07-13,2016,3,Q3 2016,7,July,Jul,2016-07,13,3,Wednesday,False
2016-07-14,2016,3,Q3 2016,7,July,Jul,2016-07,14,4,Thursday,False
2016-07-15,2016,3,Q3 2016,7,July,Jul,2016-07,15,5,Friday,False
2016-07-16,2016,3,Q3 2016,7,July,Jul,2016-07,16,6,Saturday,True
2016-07-17,2016,3,Q3 2016,7,July,Jul,2016-07,17,7,Sunday,True
2016-07-18,2016,3,Q3 2016,7,July,Jul,2016-07,18,1,Monday,False
2016-07-19,2016,3,Q3 2016,7,July,Jul,2016-07,19,2,Tuesday,False
2016-07-20,2016,3,Q3 2016,7,July,Jul,2016-07,20,3,Wednesday,False
2016-07-21,2016,3,Q3 2016,7,July,Jul,2016-07,21,4,Thursday,False
2016-07-22,2016,3,Q3 2016,7,July,Jul,2016-07,22,5,Friday,False
2016-07-23,2016,3,Q3 2016,7,July,Jul,2016-07,23,6,Saturday,True
2016-07-24,2016,3,Q3 2016,7,July,Jul,2016-07,24,7,Sunday,True
2016-07-25,2016,3,Q3 2016,7,July,Jul,2016-07,25,1,Monday,False
2016-07-26,2016,3,Q3 2016,7,July,Jul,2016-07,26,2,Tuesday,False
2016-07-27,2016,3,Q3 2016,7,July,Jul,2016-07,27,3,Wednesday,False
2016-07-28,2016,3,Q3 2016,7,July,Jul,2016-07,28,4,Thursday,False
2016-07-29,2016,3,Q3 2016,7,July,Jul,2016-07,29,5,Friday,False
2016-07-30,2016,3,Q3 2016,7,July,Jul,2016-07,30,6,Saturday,True
2016-07-31,2016,3,Q3 2016,7,July,Jul,2016-07,31,7,Sunday,True
2016-08-01,2016,3,Q3 2016,8,August,Aug,2016-08,1,1,Monday,False
2016-08-02,2016,3,Q3 2016,8,August,Aug,2016-08,2,2,Tuesday,False
2016-08-03,2016,3,Q3 2016,8,August,Aug,2016-08,3,3,Wednesday,False
2016-08-04,2016,3,Q3 2016,8,August,Aug,2016-08,4,4,Thursday,False
2016-08-05,2016,3,Q3 2016,8,August,Aug,2016-08,5,5,Friday,False
2016-08-06,2016,3,Q3 2016,8,August,Aug,2016-08,6,6,Saturday,True
2016-08-07,2016,3,Q3 2016,8,August,Aug,2016-08,7,7,Sunday,True
2016-08-08,2016,3,Q3 2016,8,August,Aug,2016-08,8,1,Monday,False
2016-08-09,2016,3,Q3 2016,8,August,Aug,2016-08,9,2,Tuesday,False
2016-08-10,2016,3,Q3 2016,8,August,Aug,2016-08,10,3,Wednesday,False
2016-08-11,2016,3,Q3 2016,8,August,Aug,2016-08,11,4,Thursday,False
2016-08-12,2016,3,Q3 2016,8,August,Aug,2016-08,12,5,Friday,False
2016-08-13,2016,3,Q3 2016,8,August,Aug,2016-08,13,6,Saturday,True
2016-08-14,2016,3,Q3 2016,8,August,Aug,2016-08,14,7,Sunday,True
2016-08-15,2016,3,Q3 2016,8,August,Aug,2016-08,15,1,Monday,False
2016-08-16,2016,3,Q3 2016,8,August,Aug,2016-08,16,2,Tuesday,False
2016-08-17,2016,3,Q3 2016,8,August,Aug,2016-08,17,3,Wednesday,False
2016-08-18,2016,3,Q3 2016,8,August,Aug,2016-08,18,4,Thursday,False
2016-08-19,2016,3,Q3 2016,8,August,Aug,2016-08,19,5,Friday,False
2016-08-20,2016,3,Q3 2016,8,August,Aug,2016-08,20,6,Saturday,True
2016-08-21,2016,3,Q3 2016,8,August,Aug,2016-08,21,7,Sunday,True
2016-08-22,2016,3,Q3 2016,8,August,Aug,2016-08,22,1,Monday,False
2016-08-23,2016,3,Q3 2016,8,August,Aug,2016-08,23,2,Tuesday,False
2016-08-24,2016,3,Q3 2016,8,August,Aug,2016-08,24,3,Wednesday,False
2016-08-25,2016,3,Q3 2016,8,August,Aug,2016-08,25,4,Thursday,False
2016-08-26,2016,3,Q3 2016,8,August,Aug,2016-08,26,5,Friday,False
2016-08-27,2016,3,Q3 2016,8,August,Aug,2016-08,27,6,Saturday,True
2016-08-28,2016,3,Q3 2016,8,August,Aug,2016-08,28,7,Sunday,True
2016-08-29,2016,3,Q3 2016,8,August,Aug,2016-08,29,1,Monday,False
2016-08-30,2016,3,Q3 2016,8,August,Aug,2016-08,30,2,Tuesday,False
2016-08-31,2016,3,Q3 2016,8,August,Aug,2016-08,31,3,Wednesday,False
2016-09-01,2016,3,Q3 2016,9,September,Sep,2016-09,1,4,Thursday,False
2016-09-02,2016,3,Q3 2016,9,September,Sep,2016-09,2,5,Friday,False
2016-09-03,2016,3,Q3 2016,9,September,Sep,2016-09,3,6,Saturday,True
2016-09-04,2016,3,Q3 2016,9,September,Sep,2016-09,4,7,Sunday,True
2016-09-05,2016,3,Q3 2016,9,September,Sep,2016-09,5,1,Monday,False
2016-09-06,2016,3,Q3 2016,9,September,Sep,2016-09,6,2,Tuesday,False
2016-09-07,2016,3,Q3 2016,9,September,Sep,2016-09,7,3,Wednesday,False
2016-09-08,2016,3,Q3 2016,9,September,Sep,2016-09,8,4,Thursday,False
2016-09-09,2016,3,Q3 2016,9,September,Sep,2016-09,9,5,Friday,False
2016-09-10,2016,3,Q3 2016,9,September,Sep,2016-09,10,6,Saturday,True
2016-09-11,2016,3,Q3 2016,9,September,Sep,2016-09,11,7,Sunday,True
2016-09-12,2016,3,Q3 2016,9,September,Sep,2016-09,12,1,Monday,False
2016-09-13,2016,3,Q3 2016,9,September,Sep,2016-09,13,2,Tuesday,False
2016-09-14,2016,3,Q3 2016,9,September,Sep,2016-09,14,3,Wednesday,False
2016-09-15,2016,3,Q3 2016,9,September,Sep,2016-09,15,4,Thursday,False
2016-09-16,2016,3,Q3 2016,9,September,Sep,2016-09,16,5,Friday,False
2016-09-17,2016,3,Q3 2016,9,September,Sep,2016-09,17,6,Saturday,True
2016-09-18,2016,3,Q3 2016,9,September,Sep,2016-09,18,7,Sunday,True
2016-09-19,2016,3,Q3 2016,9,September,Sep,2016-09,19,1,Monday,False
2016-09-20,2016,3,Q3 2016,9,September,Sep,2016-09,20,2,Tuesday,False
2016-09-21,2016,3,Q3 2016,9,September,Sep,2016-09,21,3,Wednesday,False
2016-09-22,2016,3,Q3 2016,9,September,Sep,2016-09,22,4,Thursday,False
2016-09-23,2016,3,Q3 2016,9,September,Sep,2016-09,23,5,Friday,False
2016-09-24,2016,3,Q3 2016,9,September,Sep,2016-09,24,6,Saturday,True
2016-09-25,2016,3,Q3 2016,9,September,Sep,2016-09,25,7,Sunday,True
2016-09-26,2016,3,Q3 2016,9,September,Sep,2016-09,26,1,Monday,False
2016-09-27,2016,3,Q3 2016,9,September,Sep,2016-09,27,2,Tuesday,False
2016-09-28,2016,3,Q3 2016,9,September,Sep,2016-09,28,3,Wednesday,False
2016-09-29,2016,3,Q3 2016,9,September,Sep,2016-09,29,4,Thursday,False
2016-09-30,2016,3,Q3 2016,9,September,Sep,2016-09,30,5,Friday,False
2016-10-01,2016,4,Q4 2016,10,October,Oct,2016-10,1,6,Saturday,True
2016-10-02,2016,4,Q4 2016,10,October,Oct,2016-10,2,7,Sunday,True
2016-10-03,2016,4,Q4 2016,10,October,Oct,2016-10,3,1,Monday,False
2016-10-04,2016,4,Q4 2016,10,October,Oct,2016-10,4,2,Tuesday,False
2016-10-05,2016,4,Q4 2016,10,October,Oct,2016-10,5,3,Wednesday,False
2016-10-06,2016,4,Q4 2016,10,October,Oct,2016-10,6,4,Thursday,False
2016-10-07,2016,4,Q4 2016,10,October,Oct,2016-10,7,5,Friday,False
2016-10-08,2016,4,Q4 2016,10,October,Oct,2016-10,8,6,Saturday,True
2016-10-09,2016,4,Q4 2016,10,October,Oct,2016-10,9,7,Sunday,True
2016-10-10,2016,4,Q4 2016,10,October,Oct,2016-10,10,1,Monday,False
2016-10-11,2016,4,Q4 2016,10,October,Oct,2016-10,11,2,Tuesday,False
2016-10-12,2016,4,Q4 2016,10,October,Oct,2016-10,12,3,Wednesday,False
2016-10-13,2016,4,Q4 2016,10,October,Oct,2016-10,13,4,Thursday,False
2016-10-14,2016,4,Q4 2016,10,October,Oct,2016-10,14,5,Friday,False
2016-10-15,2016,4,Q4 2016,10,October,Oct,2016-10,15,6,Saturday,True
2016-10-16,2016,4,Q4 2016,10,October,Oct,2016-10,16,7,Sunday,True
2016-10-17,2016,4,Q4 2016,10,October,Oct,2016-10,17,1,Monday,False
2016-10-18,2016,4,Q4 2016,10,October,Oct,2016-10,18,2,Tuesday,False
2016-10-19,2016,4,Q4 2016,10,October,Oct,2016-10,19,3,Wednesday,False
2016-10-20,2016,4,Q4 2016,10,October,Oct,2016-10,20,4,Thursday,False
2016-10-21,2016,4,Q4 2016,10,October,Oct,2016-10,21,5,Friday,False
2016-10-22,2016,4,Q4 2016,10,October,Oct,2016-10,22,6,Saturday,True
2016-10-23,2016,4,Q4 2016,10,October,Oct,2016-10,23,7,Sunday,True
2016-10-24,2016,4,Q4 2016,10,October,Oct,2016-10,24,1,Monday,False
2016-10-25,2016,4,Q4 2016,10,October,Oct,2016-10,25,2,Tuesday,False
2016-10-26,2016,4,Q4 2016,10,October,Oct,2016-10,26,3,Wednesday,False
2016-10-27,2016,4,Q4 2016,10,October,Oct,2016-10,27,4,Thursday,False
2016-10-28,2016,4,Q4 2016,10,October,Oct,2016-10,28,5,Friday,False
2016-10-29,2016,4,Q4 2016,10,October,Oct,2016-10,29,6,Saturday,True
2016-10-30,2016,4,Q4 2016,10,October,Oct,2016-10,30,7,Sunday,True
2016-10-31,2016,4,Q4 2016,10,October,Oct,2016-10,31,1,Monday,False
2016-11-01,2016,4,Q4 2016,11,November,Nov,2016-11,1,2,Tuesday,False
2016-11-02,2016,4,Q4 2016,11,November,Nov,2016-11,2,3,Wednesday,False
2016-11-03,2016,4,Q4 2016,11,November,Nov,2016-11,3,4,Thursday,False
2016-11-04,2016,4,Q4 2016,11,November,Nov,2016-11,4,5,Friday,False
2016-11-05,2016,4,Q4 2016,11,November,Nov,2016-11,5,6,Saturday,True
2016-11-06,2016,4,Q4 2016,11,November,Nov,2016-11,6,7,Sunday,True
2016-11-07,2016,4,Q4 2016,11,November,Nov,2016-11,7,1,Monday,False
2016-11-08,2016,4,Q4 2016,11,November,Nov,2016-11,8,2,Tuesday,False
2016-11-09,2016,4,Q4 2016,11,November,Nov,2016-11,9,3,Wednesday,False
2016-11-10,2016,4,Q4 2016,11,November,Nov,2016-11,10,4,Thursday,False
2016-11-11,2016,4,Q4 2016,11,November,Nov,2016-11,11,5,Friday,False
2016-11-12,2016,4,Q4 2016,11,November,Nov,2016-11,12,6,Saturday,True
2016-11-13,2016,4,Q4 2016,11,November,Nov,2016-11,13,7,Sunday,True
2016-11-14,2016,4,Q4 2016,11,November,Nov,2016-11,14,1,Monday,False
2016-11-15,2016,4,Q4 2016,11,November,Nov,2016-11,15,2,Tuesday,False
2016-11-16,2016,4,Q4 2016,11,November,Nov,2016-11,16,3,Wednesday,False
2016-11-17,2016,4,Q4 2016,11,November,Nov,2016-11,17,4,Thursday,False
2016-11-18,2016,4,Q4 2016,11,November,Nov,2016-11,18,5,Friday,False
2016-11-19,2016,4,Q4 2016,11,November,Nov,2016-11,19,6,Saturday,True
2016-11-20,2016,4,Q4 2016,11,November,Nov,2016-11,20,7,Sunday,True
2016-11-21,2016,4,Q4 2016,11,November,Nov,2016-11,21,1,Monday,False
2016-11-22,2016,4,Q4 2016,11,November,Nov,2016-11,22,2,Tuesday,False
2016-11-23,2016,4,Q4 2016,11,November,Nov,2016-11,23,3,Wednesday,False
2016-11-24,2016,4,Q4 2016,11,November,Nov,2016-11,24,4,Thursday,False
2016-11-25,2016,4,Q4 2016,11,November,Nov,2016-11,25,5,Friday,False
2016-11-26,2016,4,Q4 2016,11,November,Nov,2016-11,26,6,Saturday,True
2016-11-27,2016,4,Q4 2016,11,November,Nov,2016-11,27,7,Sunday,True
2016-11-28,2016,4,Q4 2016,11,November,Nov,2016-11,28,1,Monday,False
2016-11-29,2016,4,Q4 2016,11,November,Nov,2016-11,29,2,Tuesday,False
2016-11-30,2016,4,Q4 2016,11,November,Nov,2016-11,30,3,Wednesday,False
2016-12-01,2016,4,Q4 2016,12,December,Dec,2016-12,1,4,Thursday,False
2016-12-02,2016,4,Q4 2016,12,December,Dec,2016-12,2,5,Friday,False
2016-12-03,2016,4,Q4 2016,12,December,Dec,2016-12,3,6,Saturday,True
2016-12-04,2016,4,Q4 2016,12,December,Dec,2016-12,4,7,Sunday,True
2016-12-05,2016,4,Q4 2016,12,December,Dec,2016-12,5,1,Monday,False
2016-12-06,2016,4,Q4 2016,12,December,Dec,2016-12,6,2,Tuesday,False
2016-12-07,2016,4,Q4 2016,12,December,Dec,2016-12,7,3,Wednesday,False
2016-12-08,2016,4,Q4 2016,12,December,Dec,2016-12,8,4,Thursday,False
2016-12-09,2016,4,Q4 2016,12,December,Dec,2016-12,9,5,Friday,False
2016-12-10,2016,4,Q4 2016,12,December,Dec,2016-12,10,6,Saturday,True
2016-12-11,2016,4,Q4 2016,12,December,Dec,2016-12,11,7,Sunday,True
2016-12-12,2016,4,Q4 2016,12,December,Dec,2016-12,12,1,Monday,False
2016-12-13,2016,4,Q4 2016,12,December,Dec,2016-12,13,2,Tuesday,False
2016-12-14,2016,4,Q4 2016,12,December,Dec,2016-12,14,3,Wednesday,False
2016-12-15,2016,4,Q4 2016,12,December,Dec,2016-12,15,4,Thursday,False
2016-12-16,2016,4,Q4 2016,12,December,Dec,2016-12,16,5,Friday,False
2016-12-17,2016,4,Q4 2016,12,December,Dec,2016-12,17,6,Saturday,True
2016-12-18,2016,4,Q4 2016,12,December,Dec,2016-12,18,7,Sunday,True
2016-12-19,2016,4,Q4 2016,12,December,Dec,2016-12,19,1,Monday,False
2016-12-20,2016,4,Q4 2016,12,December,Dec,2016-12,20,2,Tuesday,False
2016-12-21,2016,4,Q4 2016,12,December,Dec,2016-12,21,3,Wednesday,False
2016-12-22,2016,4,Q4 2016,12,December,Dec,2016-12,22,4,Thursday,False
2016-12-23,2016,4,Q4 2016,12,December,Dec,2016-12,23,5,Friday,False
2016-12-24,2016,4,Q4 2016,12,December,Dec,2016-12,24,6,Saturday,True
2016-12-25,2016,4,Q4 2016,12,December,Dec,2016-12,25,7,Sunday,True
2016-12-26,2016,4,Q4 2016,12,December,Dec,2016-12,26,1,Monday,False
2016-12-27,2016,4,Q4 2016,12,December,Dec,2016-12,27,2,Tuesday,False
2016-12-28,2016,4,Q4 2016,12,December,Dec,2016-12,28,3,Wednesday,False
2016-12-29,2016,4,Q4 2016,12,December,Dec,2016-12,29,4,Thursday,False
2016-12-30,2016,4,Q4 2016,12,December,Dec,2016-12,30,5,Friday,False
2016-12-31,2016,4,Q4 2016,12,December,Dec,2016-12,31,6,Saturday,True
2017-01-01,2017,1,Q1 2017,1,January,Jan,2017-01,1,7,Sunday,True
2017-01-02,2017,1,Q1 2017,1,January,Jan,2017-01,2,1,Monday,False
2017-01-03,2017,1,Q1 2017,1,January,Jan,2017-01,3,2,Tuesday,False
2017-01-04,2017,1,Q1 2017,1,January,Jan,2017-01,4,3,Wednesday,False
2017-01-05,2017,1,Q1 2017,1,January,Jan,2017-01,5,4,Thursday,False
2017-01-06,2017,1,Q1 2017,1,January,Jan,2017-01,6,5,Friday,False
2017-01-07,2017,1,Q1 2017,1,January,Jan,2017-01,7,6,Saturday,True
2017-01-08,2017,1,Q1 2017,1,January,Jan,2017-01,8,7,Sunday,True
2017-01-09,2017,1,Q1 2017,1,January,Jan,2017-01,9,1,Monday,False
2017-01-10,2017,1,Q1 2017,1,January,Jan,2017-01,10,2,Tuesday,False
2017-01-11,2017,1,Q1 2017,1,January,Jan,2017-01,11,3,Wednesday,False
2017-01-12,2017,1,Q1 2017,1,January,Jan,2017-01,12,4,Thursday,False
2017-01-13,2017,1,Q1 2017,1,January,Jan,2017-01,13,5,Friday,False
2017-01-14,2017,1,Q1 2017,1,January,Jan,2017-01,14,6,Saturday,True
2017-01-15,2017,1,Q1 2017,1,January,Jan,2017-01,15,7,Sunday,True
2017-01-16,2017,1,Q1 2017,1,January,Jan,2017-01,16,1,Monday,False
2017-01-17,2017,1,Q1 2017,1,January,Jan,2017-01,17,2,Tuesday,False
2017-01-18,2017,1,Q1 2017,1,January,Jan,2017-01,18,3,Wednesday,False
2017-01-19,2017,1,Q1 2017,1,January,Jan,2017-01,19,4,Thursday,False
2017-01-20,2017,1,Q1 2017,1,January,Jan,2017-01,20,5,Friday,False
2017-01-21,2017,1,Q1 2017,1,January,Jan,2017-01,21,6,Saturday,True
2017-01-22,2017,1,Q1 2017,1,January,Jan,2017-01,22,7,Sunday,True
2017-01-23,2017,1,Q1 2017,1,January,Jan,2017-01,23,1,Monday,False
2017-01-24,2017,1,Q1 2017,1,January,Jan,2017-01,24,2,Tuesday,False
2017-01-25,2017,1,Q1 2017,1,January,Jan,2017-01,25,3,Wednesday,False
2017-01-26,2017,1,Q1 2017,1,January,Jan,2017-01,26,4,Thursday,False
2017-01-27,2017,1,Q1 2017,1,January,Jan,2017-01,27,5,Friday,False
2017-01-28,2017,1,Q1 2017,1,January,Jan,2017-01,28,6,Saturday,True
2017-01-29,2017,1,Q1 2017,1,January,Jan,2017-01,29,7,Sunday,True
2017-01-30,2017,1,Q1 2017,1,January,Jan,2017-01,30,1,Monday,False
2017-01-31,2017,1,Q1 2017,1,January,Jan,2017-01,31,2,Tuesday,False
2017-02-01,2017,1,Q1 2017,2,February,Feb,2017-02,1,3,Wednesday,False
2017-02-02,2017,1,Q1 2017,2,February,Feb,2017-02,2,4,Thursday,False
2017-02-03,2017,1,Q1 2017,2,February,Feb,2017-02,3,5,Friday,False
2017-02-04,2017,1,Q1 2017,2,February,Feb,2017-02,4,6,Saturday,True
2017-02-05,2017,1,Q1 2017,2,February,Feb,2017-02,5,7,Sunday,True
2017-02-06,2017,1,Q1 2017,2,February,Feb,2017-02,6,1,Monday,False
2017-02-07,2017,1,Q1 2017,2,February,Feb,2017-02,7,2,Tuesday,False
2017-02-08,2017,1,Q1 2017,2,February,Feb,2017-02,8,3,Wednesday,False
2017-02-09,2017,1,Q1 2017,2,February,Feb,2017-02,9,4,Thursday,False
2017-02-10,2017,1,Q1 2017,2,February,Feb,2017-02,10,5,Friday,False
2017-02-11,2017,1,Q1 2017,2,February,Feb,2017-02,11,6,Saturday,True
2017-02-12,2017,1,Q1 2017,2,February,Feb,2017-02,12,7,Sunday,True
2017-02-13,2017,1,Q1 2017,2,February,Feb,2017-02,13,1,Monday,False
2017-02-14,2017,1,Q1 2017,2,February,Feb,2017-02,14,2,Tuesday,False
2017-02-15,2017,1,Q1 2017,2,February,Feb,2017-02,15,3,Wednesday,False
2017-02-16,2017,1,Q1 2017,2,February,Feb,2017-02,16,4,Thursday,False
2017-02-17,2017,1,Q1 2017,2,February,Feb,2017-02,17,5,Friday,False
2017-02-18,2017,1,Q1 2017,2,February,Feb,2017-02,18,6,Saturday,True
2017-02-19,2017,1,Q1 2017,2,February,Feb,2017-02,19,7,Sunday,True
2017-02-20,2017,1,Q1 2017,2,February,Feb,2017-02,20,1,Monday,False
2017-02-21,2017,1,Q1 2017,2,February,Feb,2017-02,21,2,Tuesday,False
2017-02-22,2017,1,Q1 2017,2,February,Feb,2017-02,22,3,Wednesday,False
2017-02-23,2017,1,Q1 2017,2,February,Feb,2017-02,23,4,Thursday,False
2017-02-24,2017,1,Q1 2017,2,February,Feb,2017-02,24,5,Friday,False
2017-02-25,2017,1,Q1 2017,2,February,Feb,2017-02,25,6,Saturday,True
2017-02-26,2017,1,Q1 2017,2,February,Feb,2017-02,26,7,Sunday,True
2017-02-27,2017,1,Q1 2017,2,February,Feb,2017-02,27,1,Monday,False
2017-02-28,2017,1,Q1 2017,2,February,Feb,2017-02,28,2,Tuesday,False
2017-03-01,2017,1,Q1 2017,3,March,Mar,2017-03,1,3,Wednesday,False
2017-03-02,2017,1,Q1 2017,3,March,Mar,2017-03,2,4,Thursday,False
2017-03-03,2017,1,Q1 2017,3,March,Mar,2017-03,3,5,Friday,False
2017-03-04,2017,1,Q1 2017,3,March,Mar,2017-03,4,6,Saturday,True
2017-03-05,2017,1,Q1 2017,3,March,Mar,2017-03,5,7,Sunday,True
2017-03-06,2017,1,Q1 2017,3,March,Mar,2017-03,6,1,Monday,False
2017-03-07,2017,1,Q1 2017,3,March,Mar,2017-03,7,2,Tuesday,False
2017-03-08,2017,1,Q1 2017,3,March,Mar,2017-03,8,3,Wednesday,False
2017-03-09,2017,1,Q1 2017,3,March,Mar,2017-03,9,4,Thursday,False
2017-03-10,2017,1,Q1 2017,3,March,Mar,2017-03,10,5,Friday,False
2017-03-11,2017,1,Q1 2017,3,March,Mar,2017-03,11,6,Saturday,True
2017-03-12,2017,1,Q1 2017,3,March,Mar,2017-03,12,7,Sunday,True
2017-03-13,2017,1,Q1 2017,3,March,Mar,2017-03,13,1,Monday,False
2017-03-14,2017,1,Q1 2017,3,March,Mar,2017-03,14,2,Tuesday,False
2017-03-15,2017,1,Q1 2017,3,March,Mar,2017-03,15,3,Wednesday,False
2017-03-16,2017,1,Q1 2017,3,March,Mar,2017-03,16,4,Thursday,False
2017-03-17,2017,1,Q1 2017,3,March,Mar,2017-03,17,5,Friday,False
2017-03-18,2017,1,Q1 2017,3,March,Mar,2017-03,18,6,Saturday,True
2017-03-19,2017,1,Q1 2017,3,March,Mar,2017-03,19,7,Sunday,True
2017-03-20,2017,1,Q1 2017,3,March,Mar,2017-03,20,1,Monday,False
2017-03-21,2017,1,Q1 2017,3,March,Mar,2017-03,21,2,Tuesday,False
2017-03-22,2017,1,Q1 2017,3,March,Mar,2017-03,22,3,Wednesday,False
2017-03-23,2017,1,Q1 2017,3,March,Mar,2017-03,23,4,Thursday,False
2017-03-24,2017,1,Q1 2017,3,March,Mar,2017-03,24,5,Friday,False
2017-03-25,2017,1,Q1 2017,3,March,Mar,2017-03,25,6,Saturday,True
2017-03-26,2017,1,Q1 2017,3,March,Mar,2017-03,26,7,Sunday,True
2017-03-27,2017,1,Q1 2017,3,March,Mar,2017-03,27,1,Monday,False
2017-03-28,2017,1,Q1 2017,3,March,Mar,2017-03,28,2,Tuesday,False
2017-03-29,2017,1,Q1 2017,3,March,Mar,2017-03,29,3,Wednesday,False
2017-03-30,2017,1,Q1 2017,3,March,Mar,2017-03,30,4,Thursday,False
2017-03-31,2017,1,Q1 2017,3,March,Mar,2017-03,31,5,Friday,False
2017-04-01,2017,2,Q2 2017,4,April,Apr,2017-04,1,6,Saturday,True
2017-04-02,2017,2,Q2 2017,4,April,Apr,2017-04,2,7,Sunday,True
2017-04-03,2017,2,Q2 2017,4,April,Apr,2017-04,3,1,Monday,False
2017-04-04,2017,2,Q2 2017,4,April,Apr,2017-04,4,2,Tuesday,False
2017-04-05,2017,2,Q2 2017,4,April,Apr,2017-04,5,3,Wednesday,False
2017-04-06,2017,2,Q2 2017,4,April,Apr,2017-04,6,4,Thursday,False
2017-04-07,2017,2,Q2 2017,4,April,Apr,2017-04,7,5,Friday,False
2017-04-08,2017,2,Q2 2017,4,April,Apr,2017-04,8,6,Saturday,True
2017-04-09,2017,2,Q2 2017,4,April,Apr,2017-04,9,7,Sunday,True
2017-04-10,2017,2,Q2 2017,4,April,Apr,2017-04,10,1,Monday,False
2017-04-11,2017,2,Q2 2017,4,April,Apr,2017-04,11,2,Tuesday,False
2017-04-12,2017,2,Q2 2017,4,April,Apr,2017-04,12,3,Wednesday,False
2017-04-13,2017,2,Q2 2017,4,April,Apr,2017-04,13,4,Thursday,False
2017-04-14,2017,2,Q2 2017,4,April,Apr,2017-04,14,5,Friday,False
2017-04-15,2017,2,Q2 2017,4,April,Apr,2017-04,15,6,Saturday,True
2017-04-16,2017,2,Q2 2017,4,April,Apr,2017-04,16,7,Sunday,True
2017-04-17,2017,2,Q2 2017,4,April,Apr,2017-04,17,1,Monday,False
2017-04-18,2017,2,Q2 2017,4,April,Apr,2017-04,18,2,Tuesday,False
2017-04-19,2017,2,Q2 2017,4,April,Apr,2017-04,19,3,Wednesday,False
2017-04-20,2017,2,Q2 2017,4,April,Apr,2017-04,20,4,Thursday,False
2017-04-21,2017,2,Q2 2017,4,April,Apr,2017-04,21,5,Friday,False
2017-04-22,2017,2,Q2 2017,4,April,Apr,2017-04,22,6,Saturday,True
2017-04-23,2017,2,Q2 2017,4,April,Apr,2017-04,23,7,Sunday,True
2017-04-24,2017,2,Q2 2017,4,April,Apr,2017-04,24,1,Monday,False
2017-04-25,2017,2,Q2 2017,4,April,Apr,2017-04,25,2,Tuesday,False
2017-04-26,2017,2,Q2 2017,4,April,Apr,2017-04,26,3,Wednesday,False
2017-04-27,2017,2,Q2 2017,4,April,Apr,2017-04,27,4,Thursday,False
2017-04-28,2017,2,Q2 2017,4,April,Apr,2017-04,28,5,Friday,False
2017-04-29,2017,2,Q2 2017,4,April,Apr,2017-04,29,6,Saturday,True
2017-04-30,2017,2,Q2 2017,4,April,Apr,2017-04,30,7,Sunday,True
2017-05-01,2017,2,Q2 2017,5,May,May,2017-05,1,1,Monday,False
2017-05-02,2017,2,Q2 2017,5,May,May,2017-05,2,2,Tuesday,False
2017-05-03,2017,2,Q2 2017,5,May,May,2017-05,3,3,Wednesday,False
2017-05-04,2017,2,Q2 2017,5,May,May,2017-05,4,4,Thursday,False
2017-05-05,2017,2,Q2 2017,5,May,May,2017-05,5,5,Friday,False
2017-05-06,2017,2,Q2 2017,5,May,May,2017-05,6,6,Saturday,True
2017-05-07,2017,2,Q2 2017,5,May,May,2017-05,7,7,Sunday,True
2017-05-08,2017,2,Q2 2017,5,May,May,2017-05,8,1,Monday,False
2017-05-09,2017,2,Q2 2017,5,May,May,2017-05,9,2,Tuesday,False
2017-05-10,2017,2,Q2 2017,5,May,May,2017-05,10,3,Wednesday,False
2017-05-11,2017,2,Q2 2017,5,May,May,2017-05,11,4,Thursday,False
2017-05-12,2017,2,Q2 2017,5,May,May,2017-05,12,5,Friday,False
2017-05-13,2017,2,Q2 2017,5,May,May,2017-05,13,6,Saturday,True
2017-05-14,2017,2,Q2 2017,5,May,May,2017-05,14,7,Sunday,True
2017-05-15,2017,2,Q2 2017,5,May,May,2017-05,15,1,Monday,False
2017-05-16,2017,2,Q2 2017,5,May,May,2017-05,16,2,Tuesday,False
2017-05-17,2017,2,Q2 2017,5,May,May,2017-05,17,3,Wednesday,False
2017-05-18,2017,2,Q2 2017,5,May,May,2017-05,18,4,Thursday,False
2017-05-19,2017,2,Q2 2017,5,May,May,2017-05,19,5,Friday,False
2017-05-20,2017,2,Q2 2017,5,May,May,2017-05,20,6,Saturday,True
2017-05-21,2017,2,Q2 2017,5,May,May,2017-05,21,7,Sunday,True
2017-05-22,2017,2,Q2 2017,5,May,May,2017-05,22,1,Monday,False
2017-05-23,2017,2,Q2 2017,5,May,May,2017-05,23,2,Tuesday,False
2017-05-24,2017,2,Q2 2017,5,May,May,2017-05,24,3,Wednesday,False
2017-05-25,2017,2,Q2 2017,5,May,May,2017-05,25,4,Thursday,False
2017-05-26,2017,2,Q2 2017,5,May,May,2017-05,26,5,Friday,False
2017-05-27,2017,2,Q2 2017,5,May,May,2017-05,27,6,Saturday,True
2017-05-28,2017,2,Q2 2017,5,May,May,2017-05,28,7,Sunday,True
2017-05-29,2017,2,Q2 2017,5,May,May,2017-05,29,1,Monday,False
2017-05-30,2017,2,Q2 2017,5,May,May,2017-05,30,2,Tuesday,False
2017-05-31,2017,2,Q2 2017,5,May,May,2017-05,31,3,Wednesday,False
2017-06-01,2017,2,Q2 2017,6,June,Jun,2017-06,1,4,Thursday,False
2017-06-02,2017,2,Q2 2017,6,June,Jun,2017-06,2,5,Friday,False
2017-06-03,2017,2,Q2 2017,6,June,Jun,2017-06,3,6,Saturday,True
2017-06-04,2017,2,Q2 2017,6,June,Jun,2017-06,4,7,Sunday,True
2017-06-05,2017,2,Q2 2017,6,June,Jun,2017-06,5,1,Monday,False
2017-06-06,2017,2,Q2 2017,6,June,Jun,2017-06,6,2,Tuesday,False
2017-06-07,2017,2,Q2 2017,6,June,Jun,2017-06,7,3,Wednesday,False
2017-06-08,2017,2,Q2 2017,6,June,Jun,2017-06,8,4,Thursday,False
2017-06-09,2017,2,Q2 2017,6,June,Jun,2017-06,9,5,Friday,False
2017-06-10,2017,2,Q2 2017,6,June,Jun,2017-06,10,6,Saturday,True
2017-06-11,2017,2,Q2 2017,6,June,Jun,2017-06,11,7,Sunday,True
2017-06-12,2017,2,Q2 2017,6,June,Jun,2017-06,12,1,Monday,False
2017-06-13,2017,2,Q2 2017,6,June,Jun,2017-06,13,2,Tuesday,False
2017-06-14,2017,2,Q2 2017,6,June,Jun,2017-06,14,3,Wednesday,False
2017-06-15,2017,2,Q2 2017,6,June,Jun,2017-06,15,4,Thursday,False
2017-06-16,2017,2,Q2 2017,6,June,Jun,2017-06,16,5,Friday,False
2017-06-17,2017,2,Q2 2017,6,June,Jun,2017-06,17,6,Saturday,True
2017-06-18,2017,2,Q2 2017,6,June,Jun,2017-06,18,7,Sunday,True
2017-06-19,2017,2,Q2 2017,6,June,Jun,2017-06,19,1,Monday,False
2017-06-20,2017,2,Q2 2017,6,June,Jun,2017-06,20,2,Tuesday,False
2017-06-21,2017,2,Q2 2017,6,June,Jun,2017-06,21,3,Wednesday,False
2017-06-22,2017,2,Q2 2017,6,June,Jun,2017-06,22,4,Thursday,False
2017-06-23,2017,2,Q2 2017,6,June,Jun,2017-06,23,5,Friday,False
2017-06-24,2017,2,Q2 2017,6,June,Jun,2017-06,24,6,Saturday,True
2017-06-25,2017,2,Q2 2017,6,June,Jun,2017-06,25,7,Sunday,True
2017-06-26,2017,2,Q2 2017,6,June,Jun,2017-06,26,1,Monday,False
2017-06-27,2017,2,Q2 2017,6,June,Jun,2017-06,27,2,Tuesday,False
2017-06-28,2017,2,Q2 2017,6,June,Jun,2017-06,28,3,Wednesday,False
2017-06-29,2017,2,Q2 2017,6,June,Jun,2017-06,29,4,Thursday,False
2017-06-30,2017,2,Q2 2017,6,June,Jun,2017-06,30,5,Friday,False
2017-07-01,2017,3,Q3 2017,7,July,Jul,2017-07,1,6,Saturday,True
2017-07-02,2017,3,Q3 2017,7,July,Jul,2017-07,2,7,Sunday,True
2017-07-03,2017,3,Q3 2017,7,July,Jul,2017-07,3,1,Monday,False
2017-07-04,2017,3,Q3 2017,7,July,Jul,2017-07,4,2,Tuesday,False
2017-07-05,2017,3,Q3 2017,7,July,Jul,2017-07,5,3,Wednesday,False
2017-07-06,2017,3,Q3 2017,7,July,Jul,2017-07,6,4,Thursday,False
2017-07-07,2017,3,Q3 2017,7,July,Jul,2017-07,7,5,Friday,False
2017-07-08,2017,3,Q3 2017,7,July,Jul,2017-07,8,6,Saturday,True
2017-07-09,2017,3,Q3 2017,7,July,Jul,2017-07,9,7,Sunday,True
2017-07-10,2017,3,Q3 2017,7,July,Jul,2017-07,10,1,Monday,False
2017-07-11,2017,3,Q3 2017,7,July,Jul,2017-07,11,2,Tuesday,False
2017-07-12,2017,3,Q3 2017,7,July,Jul,2017-07,12,3,Wednesday,False
2017-07-13,2017,3,Q3 2017,7,July,Jul,2017-07,13,4,Thursday,False
2017-07-14,2017,3,Q3 2017,7,July,Jul,2017-07,14,5,Friday,False
2017-07-15,2017,3,Q3 2017,7,July,Jul,2017-07,15,6,Saturday,True
2017-07-16,2017,3,Q3 2017,7,July,Jul,2017-07,16,7,Sunday,True
2017-07-17,2017,3,Q3 2017,7,July,Jul,2017-07,17,1,Monday,False
2017-07-18,2017,3,Q3 2017,7,July,Jul,2017-07,18,2,Tuesday,False
2017-07-19,2017,3,Q3 2017,7,July,Jul,2017-07,19,3,Wednesday,False
2017-07-20,2017,3,Q3 2017,7,July,Jul,2017-07,20,4,Thursday,False
2017-07-21,2017,3,Q3 2017,7,July,Jul,2017-07,21,5,Friday,False
2017-07-22,2017,3,Q3 2017,7,July,Jul,2017-07,22,6,Saturday,True
2017-07-23,2017,3,Q3 2017,7,July,Jul,2017-07,23,7,Sunday,True
2017-07-24,2017,3,Q3 2017,7,July,Jul,2017-07,24,1,Monday,False
2017-07-25,2017,3,Q3 2017,7,July,Jul,2017-07,25,2,Tuesday,False
2017-07-26,2017,3,Q3 2017,7,July,Jul,2017-07,26,3,Wednesday,False
2017-07-27,2017,3,Q3 2017,7,July,Jul,2017-07,27,4,Thursday,False
2017-07-28,2017,3,Q3 2017,7,July,Jul,2017-07,28,5,Friday,False
2017-07-29,2017,3,Q3 2017,7,July,Jul,2017-07,29,6,Saturday,True
2017-07-30,2017,3,Q3 2017,7,July,Jul,2017-07,30,7,Sunday,True
2017-07-31,2017,3,Q3 2017,7,July,Jul,2017-07,31,1,Monday,False
2017-08-01,2017,3,Q3 2017,8,August,Aug,2017-08,1,2,Tuesday,False
2017-08-02,2017,3,Q3 2017,8,August,Aug,2017-08,2,3,Wednesday,False
2017-08-03,2017,3,Q3 2017,8,August,Aug,2017-08,3,4,Thursday,False
2017-08-04,2017,3,Q3 2017,8,August,Aug,2017-08,4,5,Friday,False
2017-08-05,2017,3,Q3 2017,8,August,Aug,2017-08,5,6,Saturday,True
2017-08-06,2017,3,Q3 2017,8,August,Aug,2017-08,6,7,Sunday,True
2017-08-07,2017,3,Q3 2017,8,August,Aug,2017-08,7,1,Monday,False
2017-08-08,2017,3,Q3 2017,8,August,Aug,2017-08,8,2,Tuesday,False
2017-08-09,2017,3,Q3 2017,8,August,Aug,2017-08,9,3,Wednesday,False
2017-08-10,2017,3,Q3 2017,8,August,Aug,2017-08,10,4,Thursday,False
2017-08-11,2017,3,Q3 2017,8,August,Aug,2017-08,11,5,Friday,False
2017-08-12,2017,3,Q3 2017,8,August,Aug,2017-08,12,6,Saturday,True
2017-08-13,2017,3,Q3 2017,8,August,Aug,2017-08,13,7,Sunday,True
2017-08-14,2017,3,Q3 2017,8,August,Aug,2017-08,14,1,Monday,False
2017-08-15,2017,3,Q3 2017,8,August,Aug,2017-08,15,2,Tuesday,False
2017-08-16,2017,3,Q3 2017,8,August,Aug,2017-08,16,3,Wednesday,False
2017-08-17,2017,3,Q3 2017,8,August,Aug,2017-08,17,4,Thursday,False
2017-08-18,2017,3,Q3 2017,8,August,Aug,2017-08,18,5,Friday,False
2017-08-19,2017,3,Q3 2017,8,August,Aug,2017-08,19,6,Saturday,True
2017-08-20,2017,3,Q3 2017,8,August,Aug,2017-08,20,7,Sunday,True
2017-08-21,2017,3,Q3 2017,8,August,Aug,2017-08,21,1,Monday,False
2017-08-22,2017,3,Q3 2017,8,August,Aug,2017-08,22,2,Tuesday,False
2017-08-23,2017,3,Q3 2017,8,August,Aug,2017-08,23,3,Wednesday,False
2017-08-24,2017,3,Q3 2017,8,August,Aug,2017-08,24,4,Thursday,False
2017-08-25,2017,3,Q3 2017,8,August,Aug,2017-08,25,5,Friday,False
2017-08-26,2017,3,Q3 2017,8,August,Aug,2017-08,26,6,Saturday,True
2017-08-27,2017,3,Q3 2017,8,August,Aug,2017-08,27,7,Sunday,True
2017-08-28,2017,3,Q3 2017,8,August,Aug,2017-08,28,1,Monday,False
2017-08-29,2017,3,Q3 2017,8,August,Aug,2017-08,29,2,Tuesday,False
2017-08-30,2017,3,Q3 2017,8,August,Aug,2017-08,30,3,Wednesday,False
2017-08-31,2017,3,Q3 2017,8,August,Aug,2017-08,31,4,Thursday,False
2017-09-01,2017,3,Q3 2017,9,September,Sep,2017-09,1,5,Friday,False
2017-09-02,2017,3,Q3 2017,9,September,Sep,2017-09,2,6,Saturday,True
2017-09-03,2017,3,Q3 2017,9,September,Sep,2017-09,3,7,Sunday,True
2017-09-04,2017,3,Q3 2017,9,September,Sep,2017-09,4,1,Monday,False
2017-09-05,2017,3,Q3 2017,9,September,Sep,2017-09,5,2,Tuesday,False
2017-09-06,2017,3,Q3 2017,9,September,Sep,2017-09,6,3,Wednesday,False
2017-09-07,2017,3,Q3 2017,9,September,Sep,2017-09,7,4,Thursday,False
2017-09-08,2017,3,Q3 2017,9,September,Sep,2017-09,8,5,Friday,False
2017-09-09,2017,3,Q3 2017,9,September,Sep,2017-09,9,6,Saturday,True
2017-09-10,2017,3,Q3 2017,9,September,Sep,2017-09,10,7,Sunday,True
2017-09-11,2017,3,Q3 2017,9,September,Sep,2017-09,11,1,Monday,False
2017-09-12,2017,3,Q3 2017,9,September,Sep,2017-09,12,2,Tuesday,False
2017-09-13,2017,3,Q3 2017,9,September,Sep,2017-09,13,3,Wednesday,False
2017-09-14,2017,3,Q3 2017,9,September,Sep,2017-09,14,4,Thursday,False
2017-09-15,2017,3,Q3 2017,9,September,Sep,2017-09,15,5,Friday,False
2017-09-16,2017,3,Q3 2017,9,September,Sep,2017-09,16,6,Saturday,True
2017-09-17,2017,3,Q3 2017,9,September,Sep,2017-09,17,7,Sunday,True
2017-09-18,2017,3,Q3 2017,9,September,Sep,2017-09,18,1,Monday,False
2017-09-19,2017,3,Q3 2017,9,September,Sep,2017-09,19,2,Tuesday,False
2017-09-20,2017,3,Q3 2017,9,September,Sep,2017-09,20,3,Wednesday,False
2017-09-21,2017,3,Q3 2017,9,September,Sep,2017-09,21,4,Thursday,False
2017-09-22,2017,3,Q3 2017,9,September,Sep,2017-09,22,5,Friday,False
2017-09-23,2017,3,Q3 2017,9,September,Sep,2017-09,23,6,Saturday,True
2017-09-24,2017,3,Q3 2017,9,September,Sep,2017-09,24,7,Sunday,True
2017-09-25,2017,3,Q3 2017,9,September,Sep,2017-09,25,1,Monday,False
2017-09-26,2017,3,Q3 2017,9,September,Sep,2017-09,26,2,Tuesday,False
2017-09-27,2017,3,Q3 2017,9,September,Sep,2017-09,27,3,Wednesday,False
2017-09-28,2017,3,Q3 2017,9,September,Sep,2017-09,28,4,Thursday,False
2017-09-29,2017,3,Q3 2017,9,September,Sep,2017-09,29,5,Friday,False
2017-09-30,2017,3,Q3 2017,9,September,Sep,2017-09,30,6,Saturday,True
2017-10-01,2017,4,Q4 2017,10,October,Oct,2017-10,1,7,Sunday,True
2017-10-02,2017,4,Q4 2017,10,October,Oct,2017-10,2,1,Monday,False
2017-10-03,2017,4,Q4 2017,10,October,Oct,2017-10,3,2,Tuesday,False
2017-10-04,2017,4,Q4 2017,10,October,Oct,2017-10,4,3,Wednesday,False
2017-10-05,2017,4,Q4 2017,10,October,Oct,2017-10,5,4,Thursday,False
2017-10-06,2017,4,Q4 2017,10,October,Oct,2017-10,6,5,Friday,False
2017-10-07,2017,4,Q4 2017,10,October,Oct,2017-10,7,6,Saturday,True
2017-10-08,2017,4,Q4 2017,10,October,Oct,2017-10,8,7,Sunday,True
2017-10-09,2017,4,Q4 2017,10,October,Oct,2017-10,9,1,Monday,False
2017-10-10,2017,4,Q4 2017,10,October,Oct,2017-10,10,2,Tuesday,False
2017-10-11,2017,4,Q4 2017,10,October,Oct,2017-10,11,3,Wednesday,False
2017-10-12,2017,4,Q4 2017,10,October,Oct,2017-10,12,4,Thursday,False
2017-10-13,2017,4,Q4 2017,10,October,Oct,2017-10,13,5,Friday,False
2017-10-14,2017,4,Q4 2017,10,October,Oct,2017-10,14,6,Saturday,True
2017-10-15,2017,4,Q4 2017,10,October,Oct,2017-10,15,7,Sunday,True
2017-10-16,2017,4,Q4 2017,10,October,Oct,2017-10,16,1,Monday,False
2017-10-17,2017,4,Q4 2017,10,October,Oct,2017-10,17,2,Tuesday,False
2017-10-18,2017,4,Q4 2017,10,October,Oct,2017-10,18,3,Wednesday,False
2017-10-19,2017,4,Q4 2017,10,October,Oct,2017-10,19,4,Thursday,False
2017-10-20,2017,4,Q4 2017,10,October,Oct,2017-10,20,5,Friday,False
2017-10-21,2017,4,Q4 2017,10,October,Oct,2017-10,21,6,Saturday,True
2017-10-22,2017,4,Q4 2017,10,October,Oct,2017-10,22,7,Sunday,True
2017-10-23,2017,4,Q4 2017,10,October,Oct,2017-10,23,1,Monday,False
2017-10-24,2017,4,Q4 2017,10,October,Oct,2017-10,24,2,Tuesday,False
2017-10-25,2017,4,Q4 2017,10,October,Oct,2017-10,25,3,Wednesday,False
2017-10-26,2017,4,Q4 2017,10,October,Oct,2017-10,26,4,Thursday,False
2017-10-27,2017,4,Q4 2017,10,October,Oct,2017-10,27,5,Friday,False
2017-10-28,2017,4,Q4 2017,10,October,Oct,2017-10,28,6,Saturday,True
2017-10-29,2017,4,Q4 2017,10,October,Oct,2017-10,29,7,Sunday,True
2017-10-30,2017,4,Q4 2017,10,October,Oct,2017-10,30,1,Monday,False
2017-10-31,2017,4,Q4 2017,10,October,Oct,2017-10,31,2,Tuesday,False
2017-11-01,2017,4,Q4 2017,11,November,Nov,2017-11,1,3,Wednesday,False
2017-11-02,2017,4,Q4 2017,11,November,Nov,2017-11,2,4,Thursday,False
2017-11-03,2017,4,Q4 2017,11,November,Nov,2017-11,3,5,Friday,False
2017-11-04,2017,4,Q4 2017,11,November,Nov,2017-11,4,6,Saturday,True
2017-11-05,2017,4,Q4 2017,11,November,Nov,2017-11,5,7,Sunday,True
2017-11-06,2017,4,Q4 2017,11,November,Nov,2017-11,6,1,Monday,False
2017-11-07,2017,4,Q4 2017,11,November,Nov,2017-11,7,2,Tuesday,False
2017-11-08,2017,4,Q4 2017,11,November,Nov,2017-11,8,3,Wednesday,False
2017-11-09,2017,4,Q4 2017,11,November,Nov,2017-11,9,4,Thursday,False
2017-11-10,2017,4,Q4 2017,11,November,Nov,2017-11,10,5,Friday,False
2017-11-11,2017,4,Q4 2017,11,November,Nov,2017-11,11,6,Saturday,True
2017-11-12,2017,4,Q4 2017,11,November,Nov,2017-11,12,7,Sunday,True
2017-11-13,2017,4,Q4 2017,11,November,Nov,2017-11,13,1,Monday,False
2017-11-14,2017,4,Q4 2017,11,November,Nov,2017-11,14,2,Tuesday,False
2017-11-15,2017,4,Q4 2017,11,November,Nov,2017-11,15,3,Wednesday,False
2017-11-16,2017,4,Q4 2017,11,November,Nov,2017-11,16,4,Thursday,False
2017-11-17,2017,4,Q4 2017,11,November,Nov,2017-11,17,5,Friday,False
2017-11-18,2017,4,Q4 2017,11,November,Nov,2017-11,18,6,Saturday,True
2017-11-19,2017,4,Q4 2017,11,November,Nov,2017-11,19,7,Sunday,True
2017-11-20,2017,4,Q4 2017,11,November,Nov,2017-11,20,1,Monday,False
2017-11-21,2017,4,Q4 2017,11,November,Nov,2017-11,21,2,Tuesday,False
2017-11-22,2017,4,Q4 2017,11,November,Nov,2017-11,22,3,Wednesday,False
2017-11-23,2017,4,Q4 2017,11,November,Nov,2017-11,23,4,Thursday,False
2017-11-24,2017,4,Q4 2017,11,November,Nov,2017-11,24,5,Friday,False
2017-11-25,2017,4,Q4 2017,11,November,Nov,2017-11,25,6,Saturday,True
2017-11-26,2017,4,Q4 2017,11,November,Nov,2017-11,26,7,Sunday,True
2017-11-27,2017,4,Q4 2017,11,November,Nov,2017-11,27,1,Monday,False
2017-11-28,2017,4,Q4 2017,11,November,Nov,2017-11,28,2,Tuesday,False
2017-11-29,2017,4,Q4 2017,11,November,Nov,2017-11,29,3,Wednesday,False
2017-11-30,2017,4,Q4 2017,11,November,Nov,2017-11,30,4,Thursday,False
2017-12-01,2017,4,Q4 2017,12,December,Dec,2017-12,1,5,Friday,False
2017-12-02,2017,4,Q4 2017,12,December,Dec,2017-12,2,6,Saturday,True
2017-12-03,2017,4,Q4 2017,12,December,Dec,2017-12,3,7,Sunday,True
2017-12-04,2017,4,Q4 2017,12,December,Dec,2017-12,4,1,Monday,False
2017-12-05,2017,4,Q4 2017,12,December,Dec,2017-12,5,2,Tuesday,False
2017-12-06,2017,4,Q4 2017,12,December,Dec,2017-12,6,3,Wednesday,False
2017-12-07,2017,4,Q4 2017,12,December,Dec,2017-12,7,4,Thursday,False
2017-12-08,2017,4,Q4 2017,12,December,Dec,2017-12,8,5,Friday,False
2017-12-09,2017,4,Q4 2017,12,December,Dec,2017-12,9,6,Saturday,True
2017-12-10,2017,4,Q4 2017,12,December,Dec,2017-12,10,7,Sunday,True
2017-12-11,2017,4,Q4 2017,12,December,Dec,2017-12,11,1,Monday,False
2017-12-12,2017,4,Q4 2017,12,December,Dec,2017-12,12,2,Tuesday,False
2017-12-13,2017,4,Q4 2017,12,December,Dec,2017-12,13,3,Wednesday,False
2017-12-14,2017,4,Q4 2017,12,December,Dec,2017-12,14,4,Thursday,False
2017-12-15,2017,4,Q4 2017,12,December,Dec,2017-12,15,5,Friday,False
2017-12-16,2017,4,Q4 2017,12,December,Dec,2017-12,16,6,Saturday,True
2017-12-17,2017,4,Q4 2017,12,December,Dec,2017-12,17,7,Sunday,True
2017-12-18,2017,4,Q4 2017,12,December,Dec,2017-12,18,1,Monday,False
2017-12-19,2017,4,Q4 2017,12,December,Dec,2017-12,19,2,Tuesday,False
2017-12-20,2017,4,Q4 2017,12,December,Dec,2017-12,20,3,Wednesday,False
2017-12-21,2017,4,Q4 2017,12,December,Dec,2017-12,21,4,Thursday,False
2017-12-22,2017,4,Q4 2017,12,December,Dec,2017-12,22,5,Friday,False
2017-12-23,2017,4,Q4 2017,12,December,Dec,2017-12,23,6,Saturday,True
2017-12-24,2017,4,Q4 2017,12,December,Dec,2017-12,24,7,Sunday,True
2017-12-25,2017,4,Q4 2017,12,December,Dec,2017-12,25,1,Monday,False
2017-12-26,2017,4,Q4 2017,12,December,Dec,2017-12,26,2,Tuesday,False
2017-12-27,2017,4,Q4 2017,12,December,Dec,2017-12,27,3,Wednesday,False
2017-12-28,2017,4,Q4 2017,12,December,Dec,2017-12,28,4,Thursday,False
2017-12-29,2017,4,Q4 2017,12,December,Dec,2017-12,29,5,Friday,False
2017-12-30,2017,4,Q4 2017,12,December,Dec,2017-12,30,6,Saturday,True
2017-12-31,2017,4,Q4 2017,12,December,Dec,2017-12,31,7,Sunday,True
2018-01-01,2018,1,Q1 2018,1,January,Jan,2018-01,1,1,Monday,False
2018-01-02,2018,1,Q1 2018,1,January,Jan,2018-01,2,2,Tuesday,False
2018-01-03,2018,1,Q1 2018,1,January,Jan,2018-01,3,3,Wednesday,False
2018-01-04,2018,1,Q1 2018,1,January,Jan,2018-01,4,4,Thursday,False
2018-01-05,2018,1,Q1 2018,1,January,Jan,2018-01,5,5,Friday,False
2018-01-06,2018,1,Q1 2018,1,January,Jan,2018-01,6,6,Saturday,True
2018-01-07,2018,1,Q1 2018,1,January,Jan,2018-01,7,7,Sunday,True
2018-01-08,2018,1,Q1 2018,1,January,Jan,2018-01,8,1,Monday,False
2018-01-09,2018,1,Q1 2018,1,January,Jan,2018-01,9,2,Tuesday,False
2018-01-10,2018,1,Q1 2018,1,January,Jan,2018-01,10,3,Wednesday,False
2018-01-11,2018,1,Q1 2018,1,January,Jan,2018-01,11,4,Thursday,False
2018-01-12,2018,1,Q1 2018,1,January,Jan,2018-01,12,5,Friday,False
2018-01-13,2018,1,Q1 2018,1,January,Jan,2018-01,13,6,Saturday,True
2018-01-14,2018,1,Q1 2018,1,January,Jan,2018-01,14,7,Sunday,True
2018-01-15,2018,1,Q1 2018,1,January,Jan,2018-01,15,1,Monday,False
2018-01-16,2018,1,Q1 2018,1,January,Jan,2018-01,16,2,Tuesday,False
2018-01-17,2018,1,Q1 2018,1,January,Jan,2018-01,17,3,Wednesday,False
2018-01-18,2018,1,Q1 2018,1,January,Jan,2018-01,18,4,Thursday,False
2018-01-19,2018,1,Q1 2018,1,January,Jan,2018-01,19,5,Friday,False
2018-01-20,2018,1,Q1 2018,1,January,Jan,2018-01,20,6,Saturday,True
2018-01-21,2018,1,Q1 2018,1,January,Jan,2018-01,21,7,Sunday,True
2018-01-22,2018,1,Q1 2018,1,January,Jan,2018-01,22,1,Monday,False
2018-01-23,2018,1,Q1 2018,1,January,Jan,2018-01,23,2,Tuesday,False
2018-01-24,2018,1,Q1 2018,1,January,Jan,2018-01,24,3,Wednesday,False
2018-01-25,2018,1,Q1 2018,1,January,Jan,2018-01,25,4,Thursday,False
2018-01-26,2018,1,Q1 2018,1,January,Jan,2018-01,26,5,Friday,False
2018-01-27,2018,1,Q1 2018,1,January,Jan,2018-01,27,6,Saturday,True
2018-01-28,2018,1,Q1 2018,1,January,Jan,2018-01,28,7,Sunday,True
2018-01-29,2018,1,Q1 2018,1,January,Jan,2018-01,29,1,Monday,False
2018-01-30,2018,1,Q1 2018,1,January,Jan,2018-01,30,2,Tuesday,False
2018-01-31,2018,1,Q1 2018,1,January,Jan,2018-01,31,3,Wednesday,False
2018-02-01,2018,1,Q1 2018,2,February,Feb,2018-02,1,4,Thursday,False
2018-02-02,2018,1,Q1 2018,2,February,Feb,2018-02,2,5,Friday,False
2018-02-03,2018,1,Q1 2018,2,February,Feb,2018-02,3,6,Saturday,True
2018-02-04,2018,1,Q1 2018,2,February,Feb,2018-02,4,7,Sunday,True
2018-02-05,2018,1,Q1 2018,2,February,Feb,2018-02,5,1,Monday,False
2018-02-06,2018,1,Q1 2018,2,February,Feb,2018-02,6,2,Tuesday,False
2018-02-07,2018,1,Q1 2018,2,February,Feb,2018-02,7,3,Wednesday,False
2018-02-08,2018,1,Q1 2018,2,February,Feb,2018-02,8,4,Thursday,False
2018-02-09,2018,1,Q1 2018,2,February,Feb,2018-02,9,5,Friday,False
2018-02-10,2018,1,Q1 2018,2,February,Feb,2018-02,10,6,Saturday,True
2018-02-11,2018,1,Q1 2018,2,February,Feb,2018-02,11,7,Sunday,True
2018-02-12,2018,1,Q1 2018,2,February,Feb,2018-02,12,1,Monday,False
2018-02-13,2018,1,Q1 2018,2,February,Feb,2018-02,13,2,Tuesday,False
2018-02-14,2018,1,Q1 2018,2,February,Feb,2018-02,14,3,Wednesday,False
2018-02-15,2018,1,Q1 2018,2,February,Feb,2018-02,15,4,Thursday,False
2018-02-16,2018,1,Q1 2018,2,February,Feb,2018-02,16,5,Friday,False
2018-02-17,2018,1,Q1 2018,2,February,Feb,2018-02,17,6,Saturday,True
2018-02-18,2018,1,Q1 2018,2,February,Feb,2018-02,18,7,Sunday,True
2018-02-19,2018,1,Q1 2018,2,February,Feb,2018-02,19,1,Monday,False
2018-02-20,2018,1,Q1 2018,2,February,Feb,2018-02,20,2,Tuesday,False
2018-02-21,2018,1,Q1 2018,2,February,Feb,2018-02,21,3,Wednesday,False
2018-02-22,2018,1,Q1 2018,2,February,Feb,2018-02,22,4,Thursday,False
2018-02-23,2018,1,Q1 2018,2,February,Feb,2018-02,23,5,Friday,False
2018-02-24,2018,1,Q1 2018,2,February,Feb,2018-02,24,6,Saturday,True
2018-02-25,2018,1,Q1 2018,2,February,Feb,2018-02,25,7,Sunday,True
2018-02-26,2018,1,Q1 2018,2,February,Feb,2018-02,26,1,Monday,False
2018-02-27,2018,1,Q1 2018,2,February,Feb,2018-02,27,2,Tuesday,False
2018-02-28,2018,1,Q1 2018,2,February,Feb,2018-02,28,3,Wednesday,False
2018-03-01,2018,1,Q1 2018,3,March,Mar,2018-03,1,4,Thursday,False
2018-03-02,2018,1,Q1 2018,3,March,Mar,2018-03,2,5,Friday,False
2018-03-03,2018,1,Q1 2018,3,March,Mar,2018-03,3,6,Saturday,True
2018-03-04,2018,1,Q1 2018,3,March,Mar,2018-03,4,7,Sunday,True
2018-03-05,2018,1,Q1 2018,3,March,Mar,2018-03,5,1,Monday,False
2018-03-06,2018,1,Q1 2018,3,March,Mar,2018-03,6,2,Tuesday,False
2018-03-07,2018,1,Q1 2018,3,March,Mar,2018-03,7,3,Wednesday,False
2018-03-08,2018,1,Q1 2018,3,March,Mar,2018-03,8,4,Thursday,False
2018-03-09,2018,1,Q1 2018,3,March,Mar,2018-03,9,5,Friday,False
2018-03-10,2018,1,Q1 2018,3,March,Mar,2018-03,10,6,Saturday,True
2018-03-11,2018,1,Q1 2018,3,March,Mar,2018-03,11,7,Sunday,True
2018-03-12,2018,1,Q1 2018,3,March,Mar,2018-03,12,1,Monday,False
2018-03-13,2018,1,Q1 2018,3,March,Mar,2018-03,13,2,Tuesday,False
2018-03-14,2018,1,Q1 2018,3,March,Mar,2018-03,14,3,Wednesday,False
2018-03-15,2018,1,Q1 2018,3,March,Mar,2018-03,15,4,Thursday,False
2018-03-16,2018,1,Q1 2018,3,March,Mar,2018-03,16,5,Friday,False
2018-03-17,2018,1,Q1 2018,3,March,Mar,2018-03,17,6,Saturday,True
2018-03-18,2018,1,Q1 2018,3,March,Mar,2018-03,18,7,Sunday,True
2018-03-19,2018,1,Q1 2018,3,March,Mar,2018-03,19,1,Monday,False
2018-03-20,2018,1,Q1 2018,3,March,Mar,2018-03,20,2,Tuesday,False
2018-03-21,2018,1,Q1 2018,3,March,Mar,2018-03,21,3,Wednesday,False
2018-03-22,2018,1,Q1 2018,3,March,Mar,2018-03,22,4,Thursday,False
2018-03-23,2018,1,Q1 2018,3,March,Mar,2018-03,23,5,Friday,False
2018-03-24,2018,1,Q1 2018,3,March,Mar,2018-03,24,6,Saturday,True
2018-03-25,2018,1,Q1 2018,3,March,Mar,2018-03,25,7,Sunday,True
2018-03-26,2018,1,Q1 2018,3,March,Mar,2018-03,26,1,Monday,False
2018-03-27,2018,1,Q1 2018,3,March,Mar,2018-03,27,2,Tuesday,False
2018-03-28,2018,1,Q1 2018,3,March,Mar,2018-03,28,3,Wednesday,False
2018-03-29,2018,1,Q1 2018,3,March,Mar,2018-03,29,4,Thursday,False
2018-03-30,2018,1,Q1 2018,3,March,Mar,2018-03,30,5,Friday,False
2018-03-31,2018,1,Q1 2018,3,March,Mar,2018-03,31,6,Saturday,True
2018-04-01,2018,2,Q2 2018,4,April,Apr,2018-04,1,7,Sunday,True
2018-04-02,2018,2,Q2 2018,4,April,Apr,2018-04,2,1,Monday,False
2018-04-03,2018,2,Q2 2018,4,April,Apr,2018-04,3,2,Tuesday,False
2018-04-04,2018,2,Q2 2018,4,April,Apr,2018-04,4,3,Wednesday,False
2018-04-05,2018,2,Q2 2018,4,April,Apr,2018-04,5,4,Thursday,False
2018-04-06,2018,2,Q2 2018,4,April,Apr,2018-04,6,5,Friday,False
2018-04-07,2018,2,Q2 2018,4,April,Apr,2018-04,7,6,Saturday,True
2018-04-08,2018,2,Q2 2018,4,April,Apr,2018-04,8,7,Sunday,True
2018-04-09,2018,2,Q2 2018,4,April,Apr,2018-04,9,1,Monday,False
2018-04-10,2018,2,Q2 2018,4,April,Apr,2018-04,10,2,Tuesday,False
2018-04-11,2018,2,Q2 2018,4,April,Apr,2018-04,11,3,Wednesday,False
2018-04-12,2018,2,Q2 2018,4,April,Apr,2018-04,12,4,Thursday,False
2018-04-13,2018,2,Q2 2018,4,April,Apr,2018-04,13,5,Friday,False
2018-04-14,2018,2,Q2 2018,4,April,Apr,2018-04,14,6,Saturday,True
2018-04-15,2018,2,Q2 2018,4,April,Apr,2018-04,15,7,Sunday,True
2018-04-16,2018,2,Q2 2018,4,April,Apr,2018-04,16,1,Monday,False
2018-04-17,2018,2,Q2 2018,4,April,Apr,2018-04,17,2,Tuesday,False
2018-04-18,2018,2,Q2 2018,4,April,Apr,2018-04,18,3,Wednesday,False
2018-04-19,2018,2,Q2 2018,4,April,Apr,2018-04,19,4,Thursday,False
2018-04-20,2018,2,Q2 2018,4,April,Apr,2018-04,20,5,Friday,False
2018-04-21,2018,2,Q2 2018,4,April,Apr,2018-04,21,6,Saturday,True
2018-04-22,2018,2,Q2 2018,4,April,Apr,2018-04,22,7,Sunday,True
2018-04-23,2018,2,Q2 2018,4,April,Apr,2018-04,23,1,Monday,False
2018-04-24,2018,2,Q2 2018,4,April,Apr,2018-04,24,2,Tuesday,False
2018-04-25,2018,2,Q2 2018,4,April,Apr,2018-04,25,3,Wednesday,False
2018-04-26,2018,2,Q2 2018,4,April,Apr,2018-04,26,4,Thursday,False
2018-04-27,2018,2,Q2 2018,4,April,Apr,2018-04,27,5,Friday,False
2018-04-28,2018,2,Q2 2018,4,April,Apr,2018-04,28,6,Saturday,True
2018-04-29,2018,2,Q2 2018,4,April,Apr,2018-04,29,7,Sunday,True
2018-04-30,2018,2,Q2 2018,4,April,Apr,2018-04,30,1,Monday,False
2018-05-01,2018,2,Q2 2018,5,May,May,2018-05,1,2,Tuesday,False
2018-05-02,2018,2,Q2 2018,5,May,May,2018-05,2,3,Wednesday,False
2018-05-03,2018,2,Q2 2018,5,May,May,2018-05,3,4,Thursday,False
2018-05-04,2018,2,Q2 2018,5,May,May,2018-05,4,5,Friday,False
2018-05-05,2018,2,Q2 2018,5,May,May,2018-05,5,6,Saturday,True
2018-05-06,2018,2,Q2 2018,5,May,May,2018-05,6,7,Sunday,True
2018-05-07,2018,2,Q2 2018,5,May,May,2018-05,7,1,Monday,False
2018-05-08,2018,2,Q2 2018,5,May,May,2018-05,8,2,Tuesday,False
2018-05-09,2018,2,Q2 2018,5,May,May,2018-05,9,3,Wednesday,False
2018-05-10,2018,2,Q2 2018,5,May,May,2018-05,10,4,Thursday,False
2018-05-11,2018,2,Q2 2018,5,May,May,2018-05,11,5,Friday,False
2018-05-12,2018,2,Q2 2018,5,May,May,2018-05,12,6,Saturday,True
2018-05-13,2018,2,Q2 2018,5,May,May,2018-05,13,7,Sunday,True
2018-05-14,2018,2,Q2 2018,5,May,May,2018-05,14,1,Monday,False
2018-05-15,2018,2,Q2 2018,5,May,May,2018-05,15,2,Tuesday,False
2018-05-16,2018,2,Q2 2018,5,May,May,2018-05,16,3,Wednesday,False
2018-05-17,2018,2,Q2 2018,5,May,May,2018-05,17,4,Thursday,False
2018-05-18,2018,2,Q2 2018,5,May,May,2018-05,18,5,Friday,False
2018-05-19,2018,2,Q2 2018,5,May,May,2018-05,19,6,Saturday,True
2018-05-20,2018,2,Q2 2018,5,May,May,2018-05,20,7,Sunday,True
2018-05-21,2018,2,Q2 2018,5,May,May,2018-05,21,1,Monday,False
2018-05-22,2018,2,Q2 2018,5,May,May,2018-05,22,2,Tuesday,False
2018-05-23,2018,2,Q2 2018,5,May,May,2018-05,23,3,Wednesday,False
2018-05-24,2018,2,Q2 2018,5,May,May,2018-05,24,4,Thursday,False
2018-05-25,2018,2,Q2 2018,5,May,May,2018-05,25,5,Friday,False
2018-05-26,2018,2,Q2 2018,5,May,May,2018-05,26,6,Saturday,True
2018-05-27,2018,2,Q2 2018,5,May,May,2018-05,27,7,Sunday,True
2018-05-28,2018,2,Q2 2018,5,May,May,2018-05,28,1,Monday,False
2018-05-29,2018,2,Q2 2018,5,May,May,2018-05,29,2,Tuesday,False
2018-05-30,2018,2,Q2 2018,5,May,May,2018-05,30,3,Wednesday,False
2018-05-31,2018,2,Q2 2018,5,May,May,2018-05,31,4,Thursday,False
2018-06-01,2018,2,Q2 2018,6,June,Jun,2018-06,1,5,Friday,False
2018-06-02,2018,2,Q2 2018,6,June,Jun,2018-06,2,6,Saturday,True
2018-06-03,2018,2,Q2 2018,6,June,Jun,2018-06,3,7,Sunday,True
2018-06-04,2018,2,Q2 2018,6,June,Jun,2018-06,4,1,Monday,False
2018-06-05,2018,2,Q2 2018,6,June,Jun,2018-06,5,2,Tuesday,False
2018-06-06,2018,2,Q2 2018,6,June,Jun,2018-06,6,3,Wednesday,False
2018-06-07,2018,2,Q2 2018,6,June,Jun,2018-06,7,4,Thursday,False
2018-06-08,2018,2,Q2 2018,6,June,Jun,2018-06,8,5,Friday,False
2018-06-09,2018,2,Q2 2018,6,June,Jun,2018-06,9,6,Saturday,True
2018-06-10,2018,2,Q2 2018,6,June,Jun,2018-06,10,7,Sunday,True
2018-06-11,2018,2,Q2 2018,6,June,Jun,2018-06,11,1,Monday,False
2018-06-12,2018,2,Q2 2018,6,June,Jun,2018-06,12,2,Tuesday,False
2018-06-13,2018,2,Q2 2018,6,June,Jun,2018-06,13,3,Wednesday,False
2018-06-14,2018,2,Q2 2018,6,June,Jun,2018-06,14,4,Thursday,False
2018-06-15,2018,2,Q2 2018,6,June,Jun,2018-06,15,5,Friday,False
2018-06-16,2018,2,Q2 2018,6,June,Jun,2018-06,16,6,Saturday,True
2018-06-17,2018,2,Q2 2018,6,June,Jun,2018-06,17,7,Sunday,True
2018-06-18,2018,2,Q2 2018,6,June,Jun,2018-06,18,1,Monday,False
2018-06-19,2018,2,Q2 2018,6,June,Jun,2018-06,19,2,Tuesday,False
2018-06-20,2018,2,Q2 2018,6,June,Jun,2018-06,20,3,Wednesday,False
2018-06-21,2018,2,Q2 2018,6,June,Jun,2018-06,21,4,Thursday,False
2018-06-22,2018,2,Q2 2018,6,June,Jun,2018-06,22,5,Friday,False
2018-06-23,2018,2,Q2 2018,6,June,Jun,2018-06,23,6,Saturday,True
2018-06-24,2018,2,Q2 2018,6,June,Jun,2018-06,24,7,Sunday,True
2018-06-25,2018,2,Q2 2018,6,June,Jun,2018-06,25,1,Monday,False
2018-06-26,2018,2,Q2 2018,6,June,Jun,2018-06,26,2,Tuesday,False
2018-06-27,2018,2,Q2 2018,6,June,Jun,2018-06,27,3,Wednesday,False
2018-06-28,2018,2,Q2 2018,6,June,Jun,2018-06,28,4,Thursday,False
2018-06-29,2018,2,Q2 2018,6,June,Jun,2018-06,29,5,Friday,False
2018-06-30,2018,2,Q2 2018,6,June,Jun,2018-06,30,6,Saturday,True
2018-07-01,2018,3,Q3 2018,7,July,Jul,2018-07,1,7,Sunday,True
2018-07-02,2018,3,Q3 2018,7,July,Jul,2018-07,2,1,Monday,False
2018-07-03,2018,3,Q3 2018,7,July,Jul,2018-07,3,2,Tuesday,False
2018-07-04,2018,3,Q3 2018,7,July,Jul,2018-07,4,3,Wednesday,False
2018-07-05,2018,3,Q3 2018,7,July,Jul,2018-07,5,4,Thursday,False
2018-07-06,2018,3,Q3 2018,7,July,Jul,2018-07,6,5,Friday,False
2018-07-07,2018,3,Q3 2018,7,July,Jul,2018-07,7,6,Saturday,True
2018-07-08,2018,3,Q3 2018,7,July,Jul,2018-07,8,7,Sunday,True
2018-07-09,2018,3,Q3 2018,7,July,Jul,2018-07,9,1,Monday,False
2018-07-10,2018,3,Q3 2018,7,July,Jul,2018-07,10,2,Tuesday,False
2018-07-11,2018,3,Q3 2018,7,July,Jul,2018-07,11,3,Wednesday,False
2018-07-12,2018,3,Q3 2018,7,July,Jul,2018-07,12,4,Thursday,False
2018-07-13,2018,3,Q3 2018,7,July,Jul,2018-07,13,5,Friday,False
2018-07-14,2018,3,Q3 2018,7,July,Jul,2018-07,14,6,Saturday,True
2018-07-15,2018,3,Q3 2018,7,July,Jul,2018-07,15,7,Sunday,True
2018-07-16,2018,3,Q3 2018,7,July,Jul,2018-07,16,1,Monday,False
2018-07-17,2018,3,Q3 2018,7,July,Jul,2018-07,17,2,Tuesday,False
2018-07-18,2018,3,Q3 2018,7,July,Jul,2018-07,18,3,Wednesday,False
2018-07-19,2018,3,Q3 2018,7,July,Jul,2018-07,19,4,Thursday,False
2018-07-20,2018,3,Q3 2018,7,July,Jul,2018-07,20,5,Friday,False
2018-07-21,2018,3,Q3 2018,7,July,Jul,2018-07,21,6,Saturday,True
2018-07-22,2018,3,Q3 2018,7,July,Jul,2018-07,22,7,Sunday,True
2018-07-23,2018,3,Q3 2018,7,July,Jul,2018-07,23,1,Monday,False
2018-07-24,2018,3,Q3 2018,7,July,Jul,2018-07,24,2,Tuesday,False
2018-07-25,2018,3,Q3 2018,7,July,Jul,2018-07,25,3,Wednesday,False
2018-07-26,2018,3,Q3 2018,7,July,Jul,2018-07,26,4,Thursday,False
2018-07-27,2018,3,Q3 2018,7,July,Jul,2018-07,27,5,Friday,False
2018-07-28,2018,3,Q3 2018,7,July,Jul,2018-07,28,6,Saturday,True
2018-07-29,2018,3,Q3 2018,7,July,Jul,2018-07,29,7,Sunday,True
2018-07-30,2018,3,Q3 2018,7,July,Jul,2018-07,30,1,Monday,False
2018-07-31,2018,3,Q3 2018,7,July,Jul,2018-07,31,2,Tuesday,False
2018-08-01,2018,3,Q3 2018,8,August,Aug,2018-08,1,3,Wednesday,False
2018-08-02,2018,3,Q3 2018,8,August,Aug,2018-08,2,4,Thursday,False
2018-08-03,2018,3,Q3 2018,8,August,Aug,2018-08,3,5,Friday,False
2018-08-04,2018,3,Q3 2018,8,August,Aug,2018-08,4,6,Saturday,True
2018-08-05,2018,3,Q3 2018,8,August,Aug,2018-08,5,7,Sunday,True
2018-08-06,2018,3,Q3 2018,8,August,Aug,2018-08,6,1,Monday,False
2018-08-07,2018,3,Q3 2018,8,August,Aug,2018-08,7,2,Tuesday,False
2018-08-08,2018,3,Q3 2018,8,August,Aug,2018-08,8,3,Wednesday,False
2018-08-09,2018,3,Q3 2018,8,August,Aug,2018-08,9,4,Thursday,False
2018-08-10,2018,3,Q3 2018,8,August,Aug,2018-08,10,5,Friday,False
2018-08-11,2018,3,Q3 2018,8,August,Aug,2018-08,11,6,Saturday,True
2018-08-12,2018,3,Q3 2018,8,August,Aug,2018-08,12,7,Sunday,True
2018-08-13,2018,3,Q3 2018,8,August,Aug,2018-08,13,1,Monday,False
2018-08-14,2018,3,Q3 2018,8,August,Aug,2018-08,14,2,Tuesday,False
2018-08-15,2018,3,Q3 2018,8,August,Aug,2018-08,15,3,Wednesday,False
2018-08-16,2018,3,Q3 2018,8,August,Aug,2018-08,16,4,Thursday,False
2018-08-17,2018,3,Q3 2018,8,August,Aug,2018-08,17,5,Friday,False
2018-08-18,2018,3,Q3 2018,8,August,Aug,2018-08,18,6,Saturday,True
2018-08-19,2018,3,Q3 2018,8,August,Aug,2018-08,19,7,Sunday,True
2018-08-20,2018,3,Q3 2018,8,August,Aug,2018-08,20,1,Monday,False
2018-08-21,2018,3,Q3 2018,8,August,Aug,2018-08,21,2,Tuesday,False
2018-08-22,2018,3,Q3 2018,8,August,Aug,2018-08,22,3,Wednesday,False
2018-08-23,2018,3,Q3 2018,8,August,Aug,2018-08,23,4,Thursday,False
2018-08-24,2018,3,Q3 2018,8,August,Aug,2018-08,24,5,Friday,False
2018-08-25,2018,3,Q3 2018,8,August,Aug,2018-08,25,6,Saturday,True
2018-08-26,2018,3,Q3 2018,8,August,Aug,2018-08,26,7,Sunday,True
2018-08-27,2018,3,Q3 2018,8,August,Aug,2018-08,27,1,Monday,False
2018-08-28,2018,3,Q3 2018,8,August,Aug,2018-08,28,2,Tuesday,False
2018-08-29,2018,3,Q3 2018,8,August,Aug,2018-08,29,3,Wednesday,False
2018-08-30,2018,3,Q3 2018,8,August,Aug,2018-08,30,4,Thursday,False
2018-08-31,2018,3,Q3 2018,8,August,Aug,2018-08,31,5,Friday,False
2018-09-01,2018,3,Q3 2018,9,September,Sep,2018-09,1,6,Saturday,True
2018-09-02,2018,3,Q3 2018,9,September,Sep,2018-09,2,7,Sunday,True
2018-09-03,2018,3,Q3 2018,9,September,Sep,2018-09,3,1,Monday,False
2018-09-04,2018,3,Q3 2018,9,September,Sep,2018-09,4,2,Tuesday,False
2018-09-05,2018,3,Q3 2018,9,September,Sep,2018-09,5,3,Wednesday,False
2018-09-06,2018,3,Q3 2018,9,September,Sep,2018-09,6,4,Thursday,False
2018-09-07,2018,3,Q3 2018,9,September,Sep,2018-09,7,5,Friday,False
2018-09-08,2018,3,Q3 2018,9,September,Sep,2018-09,8,6,Saturday,True
2018-09-09,2018,3,Q3 2018,9,September,Sep,2018-09,9,7,Sunday,True
2018-09-10,2018,3,Q3 2018,9,September,Sep,2018-09,10,1,Monday,False
2018-09-11,2018,3,Q3 2018,9,September,Sep,2018-09,11,2,Tuesday,False
2018-09-12,2018,3,Q3 2018,9,September,Sep,2018-09,12,3,Wednesday,False
2018-09-13,2018,3,Q3 2018,9,September,Sep,2018-09,13,4,Thursday,False
2018-09-14,2018,3,Q3 2018,9,September,Sep,2018-09,14,5,Friday,False
2018-09-15,2018,3,Q3 2018,9,September,Sep,2018-09,15,6,Saturday,True
2018-09-16,2018,3,Q3 2018,9,September,Sep,2018-09,16,7,Sunday,True
2018-09-17,2018,3,Q3 2018,9,September,Sep,2018-09,17,1,Monday,False
2018-09-18,2018,3,Q3 2018,9,September,Sep,2018-09,18,2,Tuesday,False
2018-09-19,2018,3,Q3 2018,9,September,Sep,2018-09,19,3,Wednesday,False
2018-09-20,2018,3,Q3 2018,9,September,Sep,2018-09,20,4,Thursday,False
2018-09-21,2018,3,Q3 2018,9,September,Sep,2018-09,21,5,Friday,False
2018-09-22,2018,3,Q3 2018,9,September,Sep,2018-09,22,6,Saturday,True
2018-09-23,2018,3,Q3 2018,9,September,Sep,2018-09,23,7,Sunday,True
2018-09-24,2018,3,Q3 2018,9,September,Sep,2018-09,24,1,Monday,False
2018-09-25,2018,3,Q3 2018,9,September,Sep,2018-09,25,2,Tuesday,False
2018-09-26,2018,3,Q3 2018,9,September,Sep,2018-09,26,3,Wednesday,False
2018-09-27,2018,3,Q3 2018,9,September,Sep,2018-09,27,4,Thursday,False
2018-09-28,2018,3,Q3 2018,9,September,Sep,2018-09,28,5,Friday,False
2018-09-29,2018,3,Q3 2018,9,September,Sep,2018-09,29,6,Saturday,True
2018-09-30,2018,3,Q3 2018,9,September,Sep,2018-09,30,7,Sunday,True
2018-10-01,2018,4,Q4 2018,10,October,Oct,2018-10,1,1,Monday,False
2018-10-02,2018,4,Q4 2018,10,October,Oct,2018-10,2,2,Tuesday,False
2018-10-03,2018,4,Q4 2018,10,October,Oct,2018-10,3,3,Wednesday,False
2018-10-04,2018,4,Q4 2018,10,October,Oct,2018-10,4,4,Thursday,False
2018-10-05,2018,4,Q4 2018,10,October,Oct,2018-10,5,5,Friday,False
2018-10-06,2018,4,Q4 2018,10,October,Oct,2018-10,6,6,Saturday,True
2018-10-07,2018,4,Q4 2018,10,October,Oct,2018-10,7,7,Sunday,True
2018-10-08,2018,4,Q4 2018,10,October,Oct,2018-10,8,1,Monday,False
2018-10-09,2018,4,Q4 2018,10,October,Oct,2018-10,9,2,Tuesday,False
2018-10-10,2018,4,Q4 2018,10,October,Oct,2018-10,10,3,Wednesday,False
2018-10-11,2018,4,Q4 2018,10,October,Oct,2018-10,11,4,Thursday,False
2018-10-12,2018,4,Q4 2018,10,October,Oct,2018-10,12,5,Friday,False
2018-10-13,2018,4,Q4 2018,10,October,Oct,2018-10,13,6,Saturday,True
2018-10-14,2018,4,Q4 2018,10,October,Oct,2018-10,14,7,Sunday,True
2018-10-15,2018,4,Q4 2018,10,October,Oct,2018-10,15,1,Monday,False
2018-10-16,2018,4,Q4 2018,10,October,Oct,2018-10,16,2,Tuesday,False
2018-10-17,2018,4,Q4 2018,10,October,Oct,2018-10,17,3,Wednesday,False
2018-10-18,2018,4,Q4 2018,10,October,Oct,2018-10,18,4,Thursday,False
2018-10-19,2018,4,Q4 2018,10,October,Oct,2018-10,19,5,Friday,False
2018-10-20,2018,4,Q4 2018,10,October,Oct,2018-10,20,6,Saturday,True
2018-10-21,2018,4,Q4 2018,10,October,Oct,2018-10,21,7,Sunday,True
2018-10-22,2018,4,Q4 2018,10,October,Oct,2018-10,22,1,Monday,False
2018-10-23,2018,4,Q4 2018,10,October,Oct,2018-10,23,2,Tuesday,False
2018-10-24,2018,4,Q4 2018,10,October,Oct,2018-10,24,3,Wednesday,False
2018-10-25,2018,4,Q4 2018,10,October,Oct,2018-10,25,4,Thursday,False
2018-10-26,2018,4,Q4 2018,10,October,Oct,2018-10,26,5,Friday,False
2018-10-27,2018,4,Q4 2018,10,October,Oct,2018-10,27,6,Saturday,True
2018-10-28,2018,4,Q4 2018,10,October,Oct,2018-10,28,7,Sunday,True
2018-10-29,2018,4,Q4 2018,10,October,Oct,2018-10,29,1,Monday,False
2018-10-30,2018,4,Q4 2018,10,October,Oct,2018-10,30,2,Tuesday,False
2018-10-31,2018,4,Q4 2018,10,October,Oct,2018-10,31,3,Wednesday,False
2018-11-01,2018,4,Q4 2018,11,November,Nov,2018-11,1,4,Thursday,False
2018-11-02,2018,4,Q4 2018,11,November,Nov,2018-11,2,5,Friday,False
2018-11-03,2018,4,Q4 2018,11,November,Nov,2018-11,3,6,Saturday,True
2018-11-04,2018,4,Q4 2018,11,November,Nov,2018-11,4,7,Sunday,True
2018-11-05,2018,4,Q4 2018,11,November,Nov,2018-11,5,1,Monday,False
2018-11-06,2018,4,Q4 2018,11,November,Nov,2018-11,6,2,Tuesday,False
2018-11-07,2018,4,Q4 2018,11,November,Nov,2018-11,7,3,Wednesday,False
2018-11-08,2018,4,Q4 2018,11,November,Nov,2018-11,8,4,Thursday,False
2018-11-09,2018,4,Q4 2018,11,November,Nov,2018-11,9,5,Friday,False
2018-11-10,2018,4,Q4 2018,11,November,Nov,2018-11,10,6,Saturday,True
2018-11-11,2018,4,Q4 2018,11,November,Nov,2018-11,11,7,Sunday,True
2018-11-12,2018,4,Q4 2018,11,November,Nov,2018-11,12,1,Monday,False
2018-11-13,2018,4,Q4 2018,11,November,Nov,2018-11,13,2,Tuesday,False
2018-11-14,2018,4,Q4 2018,11,November,Nov,2018-11,14,3,Wednesday,False
2018-11-15,2018,4,Q4 2018,11,November,Nov,2018-11,15,4,Thursday,False
2018-11-16,2018,4,Q4 2018,11,November,Nov,2018-11,16,5,Friday,False
2018-11-17,2018,4,Q4 2018,11,November,Nov,2018-11,17,6,Saturday,True
2018-11-18,2018,4,Q4 2018,11,November,Nov,2018-11,18,7,Sunday,True
2018-11-19,2018,4,Q4 2018,11,November,Nov,2018-11,19,1,Monday,False
2018-11-20,2018,4,Q4 2018,11,November,Nov,2018-11,20,2,Tuesday,False
2018-11-21,2018,4,Q4 2018,11,November,Nov,2018-11,21,3,Wednesday,False
2018-11-22,2018,4,Q4 2018,11,November,Nov,2018-11,22,4,Thursday,False
2018-11-23,2018,4,Q4 2018,11,November,Nov,2018-11,23,5,Friday,False
2018-11-24,2018,4,Q4 2018,11,November,Nov,2018-11,24,6,Saturday,True
2018-11-25,2018,4,Q4 2018,11,November,Nov,2018-11,25,7,Sunday,True
2018-11-26,2018,4,Q4 2018,11,November,Nov,2018-11,26,1,Monday,False
2018-11-27,2018,4,Q4 2018,11,November,Nov,2018-11,27,2,Tuesday,False
2018-11-28,2018,4,Q4 2018,11,November,Nov,2018-11,28,3,Wednesday,False
2018-11-29,2018,4,Q4 2018,11,November,Nov,2018-11,29,4,Thursday,False
2018-11-30,2018,4,Q4 2018,11,November,Nov,2018-11,30,5,Friday,False
2018-12-01,2018,4,Q4 2018,12,December,Dec,2018-12,1,6,Saturday,True
2018-12-02,2018,4,Q4 2018,12,December,Dec,2018-12,2,7,Sunday,True
2018-12-03,2018,4,Q4 2018,12,December,Dec,2018-12,3,1,Monday,False
2018-12-04,2018,4,Q4 2018,12,December,Dec,2018-12,4,2,Tuesday,False
2018-12-05,2018,4,Q4 2018,12,December,Dec,2018-12,5,3,Wednesday,False
2018-12-06,2018,4,Q4 2018,12,December,Dec,2018-12,6,4,Thursday,False
2018-12-07,2018,4,Q4 2018,12,December,Dec,2018-12,7,5,Friday,False
2018-12-08,2018,4,Q4 2018,12,December,Dec,2018-12,8,6,Saturday,True
2018-12-09,2018,4,Q4 2018,12,December,Dec,2018-12,9,7,Sunday,True
2018-12-10,2018,4,Q4 2018,12,December,Dec,2018-12,10,1,Monday,False
2018-12-11,2018,4,Q4 2018,12,December,Dec,2018-12,11,2,Tuesday,False
2018-12-12,2018,4,Q4 2018,12,December,Dec,2018-12,12,3,Wednesday,False
2018-12-13,2018,4,Q4 2018,12,December,Dec,2018-12,13,4,Thursday,False
2018-12-14,2018,4,Q4 2018,12,December,Dec,2018-12,14,5,Friday,False
2018-12-15,2018,4,Q4 2018,12,December,Dec,2018-12,15,6,Saturday,True
2018-12-16,2018,4,Q4 2018,12,December,Dec,2018-12,16,7,Sunday,True
2018-12-17,2018,4,Q4 2018,12,December,Dec,2018-12,17,1,Monday,False
2018-12-18,2018,4,Q4 2018,12,December,Dec,2018-12,18,2,Tuesday,False
2018-12-19,2018,4,Q4 2018,12,December,Dec,2018-12,19,3,Wednesday,False
2018-12-20,2018,4,Q4 2018,12,December,Dec,2018-12,20,4,Thursday,False
2018-12-21,2018,4,Q4 2018,12,December,Dec,2018-12,21,5,Friday,False
2018-12-22,2018,4,Q4 2018,12,December,Dec,2018-12,22,6,Saturday,True
2018-12-23,2018,4,Q4 2018,12,December,Dec,2018-12,23,7,Sunday,True
2018-12-24,2018,4,Q4 2018,12,December,Dec,2018-12,24,1,Monday,False
2018-12-25,2018,4,Q4 2018,12,December,Dec,2018-12,25,2,Tuesday,False
2018-12-26,2018,4,Q4 2018,12,December,Dec,2018-12,26,3,Wednesday,False
2018-12-27,2018,4,Q4 2018,12,December,Dec,2018-12,27,4,Thursday,False
2018-12-28,2018,4,Q4 2018,12,December,Dec,2018-12,28,5,Friday,False
2018-12-29,2018,4,Q4 2018,12,December,Dec,2018-12,29,6,Saturday,True
2018-12-30,2018,4,Q4 2018,12,December,Dec,2018-12,30,7,Sunday,True
2018-12-31,2018,4,Q4 2018,12,December,Dec,2018-12,31,1,Monday,False
2019-01-01,2019,1,Q1 2019,1,January,Jan,2019-01,1,2,Tuesday,False
2019-01-02,2019,1,Q1 2019,1,January,Jan,2019-01,2,3,Wednesday,False
2019-01-03,2019,1,Q1 2019,1,January,Jan,2019-01,3,4,Thursday,False
2019-01-04,2019,1,Q1 2019,1,January,Jan,2019-01,4,5,Friday,False
2019-01-05,2019,1,Q1 2019,1,January,Jan,2019-01,5,6,Saturday,True
2019-01-06,2019,1,Q1 2019,1,January,Jan,2019-01,6,7,Sunday,True
2019-01-07,2019,1,Q1 2019,1,January,Jan,2019-01,7,1,Monday,False
2019-01-08,2019,1,Q1 2019,1,January,Jan,2019-01,8,2,Tuesday,False
2019-01-09,2019,1,Q1 2019,1,January,Jan,2019-01,9,3,Wednesday,False
2019-01-10,2019,1,Q1 2019,1,January,Jan,2019-01,10,4,Thursday,False
2019-01-11,2019,1,Q1 2019,1,January,Jan,2019-01,11,5,Friday,False
2019-01-12,2019,1,Q1 2019,1,January,Jan,2019-01,12,6,Saturday,True
2019-01-13,2019,1,Q1 2019,1,January,Jan,2019-01,13,7,Sunday,True
2019-01-14,2019,1,Q1 2019,1,January,Jan,2019-01,14,1,Monday,False
2019-01-15,2019,1,Q1 2019,1,January,Jan,2019-01,15,2,Tuesday,False
2019-01-16,2019,1,Q1 2019,1,January,Jan,2019-01,16,3,Wednesday,False
2019-01-17,2019,1,Q1 2019,1,January,Jan,2019-01,17,4,Thursday,False
2019-01-18,2019,1,Q1 2019,1,January,Jan,2019-01,18,5,Friday,False
2019-01-19,2019,1,Q1 2019,1,January,Jan,2019-01,19,6,Saturday,True
2019-01-20,2019,1,Q1 2019,1,January,Jan,2019-01,20,7,Sunday,True
2019-01-21,2019,1,Q1 2019,1,January,Jan,2019-01,21,1,Monday,False
2019-01-22,2019,1,Q1 2019,1,January,Jan,2019-01,22,2,Tuesday,False
2019-01-23,2019,1,Q1 2019,1,January,Jan,2019-01,23,3,Wednesday,False
2019-01-24,2019,1,Q1 2019,1,January,Jan,2019-01,24,4,Thursday,False
2019-01-25,2019,1,Q1 2019,1,January,Jan,2019-01,25,5,Friday,False
2019-01-26,2019,1,Q1 2019,1,January,Jan,2019-01,26,6,Saturday,True
2019-01-27,2019,1,Q1 2019,1,January,Jan,2019-01,27,7,Sunday,True
2019-01-28,2019,1,Q1 2019,1,January,Jan,2019-01,28,1,Monday,False
2019-01-29,2019,1,Q1 2019,1,January,Jan,2019-01,29,2,Tuesday,False
2019-01-30,2019,1,Q1 2019,1,January,Jan,2019-01,30,3,Wednesday,False
2019-01-31,2019,1,Q1 2019,1,January,Jan,2019-01,31,4,Thursday,False
2019-02-01,2019,1,Q1 2019,2,February,Feb,2019-02,1,5,Friday,False
2019-02-02,2019,1,Q1 2019,2,February,Feb,2019-02,2,6,Saturday,True
2019-02-03,2019,1,Q1 2019,2,February,Feb,2019-02,3,7,Sunday,True
2019-02-04,2019,1,Q1 2019,2,February,Feb,2019-02,4,1,Monday,False
2019-02-05,2019,1,Q1 2019,2,February,Feb,2019-02,5,2,Tuesday,False
2019-02-06,2019,1,Q1 2019,2,February,Feb,2019-02,6,3,Wednesday,False
2019-02-07,2019,1,Q1 2019,2,February,Feb,2019-02,7,4,Thursday,False
2019-02-08,2019,1,Q1 2019,2,February,Feb,2019-02,8,5,Friday,False
2019-02-09,2019,1,Q1 2019,2,February,Feb,2019-02,9,6,Saturday,True
2019-02-10,2019,1,Q1 2019,2,February,Feb,2019-02,10,7,Sunday,True
2019-02-11,2019,1,Q1 2019,2,February,Feb,2019-02,11,1,Monday,False
2019-02-12,2019,1,Q1 2019,2,February,Feb,2019-02,12,2,Tuesday,False
2019-02-13,2019,1,Q1 2019,2,February,Feb,2019-02,13,3,Wednesday,False
2019-02-14,2019,1,Q1 2019,2,February,Feb,2019-02,14,4,Thursday,False
2019-02-15,2019,1,Q1 2019,2,February,Feb,2019-02,15,5,Friday,False
2019-02-16,2019,1,Q1 2019,2,February,Feb,2019-02,16,6,Saturday,True
2019-02-17,2019,1,Q1 2019,2,February,Feb,2019-02,17,7,Sunday,True
2019-02-18,2019,1,Q1 2019,2,February,Feb,2019-02,18,1,Monday,False
2019-02-19,2019,1,Q1 2019,2,February,Feb,2019-02,19,2,Tuesday,False
2019-02-20,2019,1,Q1 2019,2,February,Feb,2019-02,20,3,Wednesday,False
2019-02-21,2019,1,Q1 2019,2,February,Feb,2019-02,21,4,Thursday,False
2019-02-22,2019,1,Q1 2019,2,February,Feb,2019-02,22,5,Friday,False
2019-02-23,2019,1,Q1 2019,2,February,Feb,2019-02,23,6,Saturday,True
2019-02-24,2019,1,Q1 2019,2,February,Feb,2019-02,24,7,Sunday,True
2019-02-25,2019,1,Q1 2019,2,February,Feb,2019-02,25,1,Monday,False
2019-02-26,2019,1,Q1 2019,2,February,Feb,2019-02,26,2,Tuesday,False
2019-02-27,2019,1,Q1 2019,2,February,Feb,2019-02,27,3,Wednesday,False
2019-02-28,2019,1,Q1 2019,2,February,Feb,2019-02,28,4,Thursday,False
2019-03-01,2019,1,Q1 2019,3,March,Mar,2019-03,1,5,Friday,False
2019-03-02,2019,1,Q1 2019,3,March,Mar,2019-03,2,6,Saturday,True
2019-03-03,2019,1,Q1 2019,3,March,Mar,2019-03,3,7,Sunday,True
2019-03-04,2019,1,Q1 2019,3,March,Mar,2019-03,4,1,Monday,False
2019-03-05,2019,1,Q1 2019,3,March,Mar,2019-03,5,2,Tuesday,False
2019-03-06,2019,1,Q1 2019,3,March,Mar,2019-03,6,3,Wednesday,False
2019-03-07,2019,1,Q1 2019,3,March,Mar,2019-03,7,4,Thursday,False
2019-03-08,2019,1,Q1 2019,3,March,Mar,2019-03,8,5,Friday,False
2019-03-09,2019,1,Q1 2019,3,March,Mar,2019-03,9,6,Saturday,True
2019-03-10,2019,1,Q1 2019,3,March,Mar,2019-03,10,7,Sunday,True
2019-03-11,2019,1,Q1 2019,3,March,Mar,2019-03,11,1,Monday,False
2019-03-12,2019,1,Q1 2019,3,March,Mar,2019-03,12,2,Tuesday,False
2019-03-13,2019,1,Q1 2019,3,March,Mar,2019-03,13,3,Wednesday,False
2019-03-14,2019,1,Q1 2019,3,March,Mar,2019-03,14,4,Thursday,False
2019-03-15,2019,1,Q1 2019,3,March,Mar,2019-03,15,5,Friday,False
2019-03-16,2019,1,Q1 2019,3,March,Mar,2019-03,16,6,Saturday,True
2019-03-17,2019,1,Q1 2019,3,March,Mar,2019-03,17,7,Sunday,True
2019-03-18,2019,1,Q1 2019,3,March,Mar,2019-03,18,1,Monday,False
2019-03-19,2019,1,Q1 2019,3,March,Mar,2019-03,19,2,Tuesday,False
2019-03-20,2019,1,Q1 2019,3,March,Mar,2019-03,20,3,Wednesday,False
2019-03-21,2019,1,Q1 2019,3,March,Mar,2019-03,21,4,Thursday,False
2019-03-22,2019,1,Q1 2019,3,March,Mar,2019-03,22,5,Friday,False
2019-03-23,2019,1,Q1 2019,3,March,Mar,2019-03,23,6,Saturday,True
2019-03-24,2019,1,Q1 2019,3,March,Mar,2019-03,24,7,Sunday,True
2019-03-25,2019,1,Q1 2019,3,March,Mar,2019-03,25,1,Monday,False
2019-03-26,2019,1,Q1 2019,3,March,Mar,2019-03,26,2,Tuesday,False
2019-03-27,2019,1,Q1 2019,3,March,Mar,2019-03,27,3,Wednesday,False
2019-03-28,2019,1,Q1 2019,3,March,Mar,2019-03,28,4,Thursday,False
2019-03-29,2019,1,Q1 2019,3,March,Mar,2019-03,29,5,Friday,False
2019-03-30,2019,1,Q1 2019,3,March,Mar,2019-03,30,6,Saturday,True
2019-03-31,2019,1,Q1 2019,3,March,Mar,2019-03,31,7,Sunday,True
2019-04-01,2019,2,Q2 2019,4,April,Apr,2019-04,1,1,Monday,False
2019-04-02,2019,2,Q2 2019,4,April,Apr,2019-04,2,2,Tuesday,False
2019-04-03,2019,2,Q2 2019,4,April,Apr,2019-04,3,3,Wednesday,False
2019-04-04,2019,2,Q2 2019,4,April,Apr,2019-04,4,4,Thursday,False
2019-04-05,2019,2,Q2 2019,4,April,Apr,2019-04,5,5,Friday,False
2019-04-06,2019,2,Q2 2019,4,April,Apr,2019-04,6,6,Saturday,True
2019-04-07,2019,2,Q2 2019,4,April,Apr,2019-04,7,7,Sunday,True
2019-04-08,2019,2,Q2 2019,4,April,Apr,2019-04,8,1,Monday,False
2019-04-09,2019,2,Q2 2019,4,April,Apr,2019-04,9,2,Tuesday,False
2019-04-10,2019,2,Q2 2019,4,April,Apr,2019-04,10,3,Wednesday,False
2019-04-11,2019,2,Q2 2019,4,April,Apr,2019-04,11,4,Thursday,False
2019-04-12,2019,2,Q2 2019,4,April,Apr,2019-04,12,5,Friday,False
2019-04-13,2019,2,Q2 2019,4,April,Apr,2019-04,13,6,Saturday,True
2019-04-14,2019,2,Q2 2019,4,April,Apr,2019-04,14,7,Sunday,True
2019-04-15,2019,2,Q2 2019,4,April,Apr,2019-04,15,1,Monday,False
2019-04-16,2019,2,Q2 2019,4,April,Apr,2019-04,16,2,Tuesday,False
2019-04-17,2019,2,Q2 2019,4,April,Apr,2019-04,17,3,Wednesday,False
2019-04-18,2019,2,Q2 2019,4,April,Apr,2019-04,18,4,Thursday,False
2019-04-19,2019,2,Q2 2019,4,April,Apr,2019-04,19,5,Friday,False
2019-04-20,2019,2,Q2 2019,4,April,Apr,2019-04,20,6,Saturday,True
2019-04-21,2019,2,Q2 2019,4,April,Apr,2019-04,21,7,Sunday,True
2019-04-22,2019,2,Q2 2019,4,April,Apr,2019-04,22,1,Monday,False
2019-04-23,2019,2,Q2 2019,4,April,Apr,2019-04,23,2,Tuesday,False
2019-04-24,2019,2,Q2 2019,4,April,Apr,2019-04,24,3,Wednesday,False
2019-04-25,2019,2,Q2 2019,4,April,Apr,2019-04,25,4,Thursday,False
2019-04-26,2019,2,Q2 2019,4,April,Apr,2019-04,26,5,Friday,False
2019-04-27,2019,2,Q2 2019,4,April,Apr,2019-04,27,6,Saturday,True
2019-04-28,2019,2,Q2 2019,4,April,Apr,2019-04,28,7,Sunday,True
2019-04-29,2019,2,Q2 2019,4,April,Apr,2019-04,29,1,Monday,False
2019-04-30,2019,2,Q2 2019,4,April,Apr,2019-04,30,2,Tuesday,False
2019-05-01,2019,2,Q2 2019,5,May,May,2019-05,1,3,Wednesday,False
2019-05-02,2019,2,Q2 2019,5,May,May,2019-05,2,4,Thursday,False
2019-05-03,2019,2,Q2 2019,5,May,May,2019-05,3,5,Friday,False
2019-05-04,2019,2,Q2 2019,5,May,May,2019-05,4,6,Saturday,True
2019-05-05,2019,2,Q2 2019,5,May,May,2019-05,5,7,Sunday,True
2019-05-06,2019,2,Q2 2019,5,May,May,2019-05,6,1,Monday,False
2019-05-07,2019,2,Q2 2019,5,May,May,2019-05,7,2,Tuesday,False
2019-05-08,2019,2,Q2 2019,5,May,May,2019-05,8,3,Wednesday,False
2019-05-09,2019,2,Q2 2019,5,May,May,2019-05,9,4,Thursday,False
2019-05-10,2019,2,Q2 2019,5,May,May,2019-05,10,5,Friday,False
2019-05-11,2019,2,Q2 2019,5,May,May,2019-05,11,6,Saturday,True
2019-05-12,2019,2,Q2 2019,5,May,May,2019-05,12,7,Sunday,True
2019-05-13,2019,2,Q2 2019,5,May,May,2019-05,13,1,Monday,False
2019-05-14,2019,2,Q2 2019,5,May,May,2019-05,14,2,Tuesday,False
2019-05-15,2019,2,Q2 2019,5,May,May,2019-05,15,3,Wednesday,False
2019-05-16,2019,2,Q2 2019,5,May,May,2019-05,16,4,Thursday,False
2019-05-17,2019,2,Q2 2019,5,May,May,2019-05,17,5,Friday,False
2019-05-18,2019,2,Q2 2019,5,May,May,2019-05,18,6,Saturday,True
2019-05-19,2019,2,Q2 2019,5,May,May,2019-05,19,7,Sunday,True
2019-05-20,2019,2,Q2 2019,5,May,May,2019-05,20,1,Monday,False
2019-05-21,2019,2,Q2 2019,5,May,May,2019-05,21,2,Tuesday,False
2019-05-22,2019,2,Q2 2019,5,May,May,2019-05,22,3,Wednesday,False
2019-05-23,2019,2,Q2 2019,5,May,May,2019-05,23,4,Thursday,False
2019-05-24,2019,2,Q2 2019,5,May,May,2019-05,24,5,Friday,False
2019-05-25,2019,2,Q2 2019,5,May,May,2019-05,25,6,Saturday,True
2019-05-26,2019,2,Q2 2019,5,May,May,2019-05,26,7,Sunday,True
2019-05-27,2019,2,Q2 2019,5,May,May,2019-05,27,1,Monday,False
2019-05-28,2019,2,Q2 2019,5,May,May,2019-05,28,2,Tuesday,False
2019-05-29,2019,2,Q2 2019,5,May,May,2019-05,29,3,Wednesday,False
2019-05-30,2019,2,Q2 2019,5,May,May,2019-05,30,4,Thursday,False
2019-05-31,2019,2,Q2 2019,5,May,May,2019-05,31,5,Friday,False
2019-06-01,2019,2,Q2 2019,6,June,Jun,2019-06,1,6,Saturday,True
2019-06-02,2019,2,Q2 2019,6,June,Jun,2019-06,2,7,Sunday,True
2019-06-03,2019,2,Q2 2019,6,June,Jun,2019-06,3,1,Monday,False
2019-06-04,2019,2,Q2 2019,6,June,Jun,2019-06,4,2,Tuesday,False
2019-06-05,2019,2,Q2 2019,6,June,Jun,2019-06,5,3,Wednesday,False
2019-06-06,2019,2,Q2 2019,6,June,Jun,2019-06,6,4,Thursday,False
2019-06-07,2019,2,Q2 2019,6,June,Jun,2019-06,7,5,Friday,False
2019-06-08,2019,2,Q2 2019,6,June,Jun,2019-06,8,6,Saturday,True
2019-06-09,2019,2,Q2 2019,6,June,Jun,2019-06,9,7,Sunday,True
2019-06-10,2019,2,Q2 2019,6,June,Jun,2019-06,10,1,Monday,False
2019-06-11,2019,2,Q2 2019,6,June,Jun,2019-06,11,2,Tuesday,False
2019-06-12,2019,2,Q2 2019,6,June,Jun,2019-06,12,3,Wednesday,False
2019-06-13,2019,2,Q2 2019,6,June,Jun,2019-06,13,4,Thursday,False
2019-06-14,2019,2,Q2 2019,6,June,Jun,2019-06,14,5,Friday,False
2019-06-15,2019,2,Q2 2019,6,June,Jun,2019-06,15,6,Saturday,True
2019-06-16,2019,2,Q2 2019,6,June,Jun,2019-06,16,7,Sunday,True
2019-06-17,2019,2,Q2 2019,6,June,Jun,2019-06,17,1,Monday,False
2019-06-18,2019,2,Q2 2019,6,June,Jun,2019-06,18,2,Tuesday,False
2019-06-19,2019,2,Q2 2019,6,June,Jun,2019-06,19,3,Wednesday,False
2019-06-20,2019,2,Q2 2019,6,June,Jun,2019-06,20,4,Thursday,False
2019-06-21,2019,2,Q2 2019,6,June,Jun,2019-06,21,5,Friday,False
2019-06-22,2019,2,Q2 2019,6,June,Jun,2019-06,22,6,Saturday,True
2019-06-23,2019,2,Q2 2019,6,June,Jun,2019-06,23,7,Sunday,True
2019-06-24,2019,2,Q2 2019,6,June,Jun,2019-06,24,1,Monday,False
2019-06-25,2019,2,Q2 2019,6,June,Jun,2019-06,25,2,Tuesday,False
2019-06-26,2019,2,Q2 2019,6,June,Jun,2019-06,26,3,Wednesday,False
2019-06-27,2019,2,Q2 2019,6,June,Jun,2019-06,27,4,Thursday,False
2019-06-28,2019,2,Q2 2019,6,June,Jun,2019-06,28,5,Friday,False
2019-06-29,2019,2,Q2 2019,6,June,Jun,2019-06,29,6,Saturday,True
2019-06-30,2019,2,Q2 2019,6,June,Jun,2019-06,30,7,Sunday,True
2019-07-01,2019,3,Q3 2019,7,July,Jul,2019-07,1,1,Monday,False
2019-07-02,2019,3,Q3 2019,7,July,Jul,2019-07,2,2,Tuesday,False
2019-07-03,2019,3,Q3 2019,7,July,Jul,2019-07,3,3,Wednesday,False
2019-07-04,2019,3,Q3 2019,7,July,Jul,2019-07,4,4,Thursday,False
2019-07-05,2019,3,Q3 2019,7,July,Jul,2019-07,5,5,Friday,False
2019-07-06,2019,3,Q3 2019,7,July,Jul,2019-07,6,6,Saturday,True
2019-07-07,2019,3,Q3 2019,7,July,Jul,2019-07,7,7,Sunday,True
2019-07-08,2019,3,Q3 2019,7,July,Jul,2019-07,8,1,Monday,False
2019-07-09,2019,3,Q3 2019,7,July,Jul,2019-07,9,2,Tuesday,False
2019-07-10,2019,3,Q3 2019,7,July,Jul,2019-07,10,3,Wednesday,False
2019-07-11,2019,3,Q3 2019,7,July,Jul,2019-07,11,4,Thursday,False
2019-07-12,2019,3,Q3 2019,7,July,Jul,2019-07,12,5,Friday,False
2019-07-13,2019,3,Q3 2019,7,July,Jul,2019-07,13,6,Saturday,True
2019-07-14,2019,3,Q3 2019,7,July,Jul,2019-07,14,7,Sunday,True
2019-07-15,2019,3,Q3 2019,7,July,Jul,2019-07,15,1,Monday,False
2019-07-16,2019,3,Q3 2019,7,July,Jul,2019-07,16,2,Tuesday,False
2019-07-17,2019,3,Q3 2019,7,July,Jul,2019-07,17,3,Wednesday,False
2019-07-18,2019,3,Q3 2019,7,July,Jul,2019-07,18,4,Thursday,False
2019-07-19,2019,3,Q3 2019,7,July,Jul,2019-07,19,5,Friday,False
2019-07-20,2019,3,Q3 2019,7,July,Jul,2019-07,20,6,Saturday,True
2019-07-21,2019,3,Q3 2019,7,July,Jul,2019-07,21,7,Sunday,True
2019-07-22,2019,3,Q3 2019,7,July,Jul,2019-07,22,1,Monday,False
2019-07-23,2019,3,Q3 2019,7,July,Jul,2019-07,23,2,Tuesday,False
2019-07-24,2019,3,Q3 2019,7,July,Jul,2019-07,24,3,Wednesday,False
2019-07-25,2019,3,Q3 2019,7,July,Jul,2019-07,25,4,Thursday,False
2019-07-26,2019,3,Q3 2019,7,July,Jul,2019-07,26,5,Friday,False
2019-07-27,2019,3,Q3 2019,7,July,Jul,2019-07,27,6,Saturday,True
2019-07-28,2019,3,Q3 2019,7,July,Jul,2019-07,28,7,Sunday,True
2019-07-29,2019,3,Q3 2019,7,July,Jul,2019-07,29,1,Monday,False
2019-07-30,2019,3,Q3 2019,7,July,Jul,2019-07,30,2,Tuesday,False
2019-07-31,2019,3,Q3 2019,7,July,Jul,2019-07,31,3,Wednesday,False
2019-08-01,2019,3,Q3 2019,8,August,Aug,2019-08,1,4,Thursday,False
2019-08-02,2019,3,Q3 2019,8,August,Aug,2019-08,2,5,Friday,False
2019-08-03,2019,3,Q3 2019,8,August,Aug,2019-08,3,6,Saturday,True
2019-08-04,2019,3,Q3 2019,8,August,Aug,2019-08,4,7,Sunday,True
2019-08-05,2019,3,Q3 2019,8,August,Aug,2019-08,5,1,Monday,False
2019-08-06,2019,3,Q3 2019,8,August,Aug,2019-08,6,2,Tuesday,False
2019-08-07,2019,3,Q3 2019,8,August,Aug,2019-08,7,3,Wednesday,False
2019-08-08,2019,3,Q3 2019,8,August,Aug,2019-08,8,4,Thursday,False
2019-08-09,2019,3,Q3 2019,8,August,Aug,2019-08,9,5,Friday,False
2019-08-10,2019,3,Q3 2019,8,August,Aug,2019-08,10,6,Saturday,True
2019-08-11,2019,3,Q3 2019,8,August,Aug,2019-08,11,7,Sunday,True
2019-08-12,2019,3,Q3 2019,8,August,Aug,2019-08,12,1,Monday,False
2019-08-13,2019,3,Q3 2019,8,August,Aug,2019-08,13,2,Tuesday,False
2019-08-14,2019,3,Q3 2019,8,August,Aug,2019-08,14,3,Wednesday,False
2019-08-15,2019,3,Q3 2019,8,August,Aug,2019-08,15,4,Thursday,False
2019-08-16,2019,3,Q3 2019,8,August,Aug,2019-08,16,5,Friday,False
2019-08-17,2019,3,Q3 2019,8,August,Aug,2019-08,17,6,Saturday,True
2019-08-18,2019,3,Q3 2019,8,August,Aug,2019-08,18,7,Sunday,True
2019-08-19,2019,3,Q3 2019,8,August,Aug,2019-08,19,1,Monday,False
2019-08-20,2019,3,Q3 2019,8,August,Aug,2019-08,20,2,Tuesday,False
2019-08-21,2019,3,Q3 2019,8,August,Aug,2019-08,21,3,Wednesday,False
2019-08-22,2019,3,Q3 2019,8,August,Aug,2019-08,22,4,Thursday,False
2019-08-23,2019,3,Q3 2019,8,August,Aug,2019-08,23,5,Friday,False
2019-08-24,2019,3,Q3 2019,8,August,Aug,2019-08,24,6,Saturday,True
2019-08-25,2019,3,Q3 2019,8,August,Aug,2019-08,25,7,Sunday,True
2019-08-26,2019,3,Q3 2019,8,August,Aug,2019-08,26,1,Monday,False
2019-08-27,2019,3,Q3 2019,8,August,Aug,2019-08,27,2,Tuesday,False
2019-08-28,2019,3,Q3 2019,8,August,Aug,2019-08,28,3,Wednesday,False
2019-08-29,2019,3,Q3 2019,8,August,Aug,2019-08,29,4,Thursday,False
2019-08-30,2019,3,Q3 2019,8,August,Aug,2019-08,30,5,Friday,False
2019-08-31,2019,3,Q3 2019,8,August,Aug,2019-08,31,6,Saturday,True
2019-09-01,2019,3,Q3 2019,9,September,Sep,2019-09,1,7,Sunday,True
2019-09-02,2019,3,Q3 2019,9,September,Sep,2019-09,2,1,Monday,False
2019-09-03,2019,3,Q3 2019,9,September,Sep,2019-09,3,2,Tuesday,False
2019-09-04,2019,3,Q3 2019,9,September,Sep,2019-09,4,3,Wednesday,False
2019-09-05,2019,3,Q3 2019,9,September,Sep,2019-09,5,4,Thursday,False
2019-09-06,2019,3,Q3 2019,9,September,Sep,2019-09,6,5,Friday,False
2019-09-07,2019,3,Q3 2019,9,September,Sep,2019-09,7,6,Saturday,True
2019-09-08,2019,3,Q3 2019,9,September,Sep,2019-09,8,7,Sunday,True
2019-09-09,2019,3,Q3 2019,9,September,Sep,2019-09,9,1,Monday,False
2019-09-10,2019,3,Q3 2019,9,September,Sep,2019-09,10,2,Tuesday,False
2019-09-11,2019,3,Q3 2019,9,September,Sep,2019-09,11,3,Wednesday,False
2019-09-12,2019,3,Q3 2019,9,September,Sep,2019-09,12,4,Thursday,False
2019-09-13,2019,3,Q3 2019,9,September,Sep,2019-09,13,5,Friday,False
2019-09-14,2019,3,Q3 2019,9,September,Sep,2019-09,14,6,Saturday,True
2019-09-15,2019,3,Q3 2019,9,September,Sep,2019-09,15,7,Sunday,True
2019-09-16,2019,3,Q3 2019,9,September,Sep,2019-09,16,1,Monday,False
2019-09-17,2019,3,Q3 2019,9,September,Sep,2019-09,17,2,Tuesday,False
2019-09-18,2019,3,Q3 2019,9,September,Sep,2019-09,18,3,Wednesday,False
2019-09-19,2019,3,Q3 2019,9,September,Sep,2019-09,19,4,Thursday,False
2019-09-20,2019,3,Q3 2019,9,September,Sep,2019-09,20,5,Friday,False
2019-09-21,2019,3,Q3 2019,9,September,Sep,2019-09,21,6,Saturday,True
2019-09-22,2019,3,Q3 2019,9,September,Sep,2019-09,22,7,Sunday,True
2019-09-23,2019,3,Q3 2019,9,September,Sep,2019-09,23,1,Monday,False
2019-09-24,2019,3,Q3 2019,9,September,Sep,2019-09,24,2,Tuesday,False
2019-09-25,2019,3,Q3 2019,9,September,Sep,2019-09,25,3,Wednesday,False
2019-09-26,2019,3,Q3 2019,9,September,Sep,2019-09,26,4,Thursday,False
2019-09-27,2019,3,Q3 2019,9,September,Sep,2019-09,27,5,Friday,False
2019-09-28,2019,3,Q3 2019,9,September,Sep,2019-09,28,6,Saturday,True
2019-09-29,2019,3,Q3 2019,9,September,Sep,2019-09,29,7,Sunday,True
2019-09-30,2019,3,Q3 2019,9,September,Sep,2019-09,30,1,Monday,False
2019-10-01,2019,4,Q4 2019,10,October,Oct,2019-10,1,2,Tuesday,False
2019-10-02,2019,4,Q4 2019,10,October,Oct,2019-10,2,3,Wednesday,False
2019-10-03,2019,4,Q4 2019,10,October,Oct,2019-10,3,4,Thursday,False
2019-10-04,2019,4,Q4 2019,10,October,Oct,2019-10,4,5,Friday,False
2019-10-05,2019,4,Q4 2019,10,October,Oct,2019-10,5,6,Saturday,True
2019-10-06,2019,4,Q4 2019,10,October,Oct,2019-10,6,7,Sunday,True
2019-10-07,2019,4,Q4 2019,10,October,Oct,2019-10,7,1,Monday,False
2019-10-08,2019,4,Q4 2019,10,October,Oct,2019-10,8,2,Tuesday,False
2019-10-09,2019,4,Q4 2019,10,October,Oct,2019-10,9,3,Wednesday,False
2019-10-10,2019,4,Q4 2019,10,October,Oct,2019-10,10,4,Thursday,False
2019-10-11,2019,4,Q4 2019,10,October,Oct,2019-10,11,5,Friday,False
2019-10-12,2019,4,Q4 2019,10,October,Oct,2019-10,12,6,Saturday,True
2019-10-13,2019,4,Q4 2019,10,October,Oct,2019-10,13,7,Sunday,True
2019-10-14,2019,4,Q4 2019,10,October,Oct,2019-10,14,1,Monday,False
2019-10-15,2019,4,Q4 2019,10,October,Oct,2019-10,15,2,Tuesday,False
2019-10-16,2019,4,Q4 2019,10,October,Oct,2019-10,16,3,Wednesday,False
2019-10-17,2019,4,Q4 2019,10,October,Oct,2019-10,17,4,Thursday,False
2019-10-18,2019,4,Q4 2019,10,October,Oct,2019-10,18,5,Friday,False
2019-10-19,2019,4,Q4 2019,10,October,Oct,2019-10,19,6,Saturday,True
2019-10-20,2019,4,Q4 2019,10,October,Oct,2019-10,20,7,Sunday,True
2019-10-21,2019,4,Q4 2019,10,October,Oct,2019-10,21,1,Monday,False
2019-10-22,2019,4,Q4 2019,10,October,Oct,2019-10,22,2,Tuesday,False
2019-10-23,2019,4,Q4 2019,10,October,Oct,2019-10,23,3,Wednesday,False
2019-10-24,2019,4,Q4 2019,10,October,Oct,2019-10,24,4,Thursday,False
2019-10-25,2019,4,Q4 2019,10,October,Oct,2019-10,25,5,Friday,False
2019-10-26,2019,4,Q4 2019,10,October,Oct,2019-10,26,6,Saturday,True
2019-10-27,2019,4,Q4 2019,10,October,Oct,2019-10,27,7,Sunday,True
2019-10-28,2019,4,Q4 2019,10,October,Oct,2019-10,28,1,Monday,False
2019-10-29,2019,4,Q4 2019,10,October,Oct,2019-10,29,2,Tuesday,False
2019-10-30,2019,4,Q4 2019,10,October,Oct,2019-10,30,3,Wednesday,False
2019-10-31,2019,4,Q4 2019,10,October,Oct,2019-10,31,4,Thursday,False
2019-11-01,2019,4,Q4 2019,11,November,Nov,2019-11,1,5,Friday,False
2019-11-02,2019,4,Q4 2019,11,November,Nov,2019-11,2,6,Saturday,True
2019-11-03,2019,4,Q4 2019,11,November,Nov,2019-11,3,7,Sunday,True
2019-11-04,2019,4,Q4 2019,11,November,Nov,2019-11,4,1,Monday,False
2019-11-05,2019,4,Q4 2019,11,November,Nov,2019-11,5,2,Tuesday,False
2019-11-06,2019,4,Q4 2019,11,November,Nov,2019-11,6,3,Wednesday,False
2019-11-07,2019,4,Q4 2019,11,November,Nov,2019-11,7,4,Thursday,False
2019-11-08,2019,4,Q4 2019,11,November,Nov,2019-11,8,5,Friday,False
2019-11-09,2019,4,Q4 2019,11,November,Nov,2019-11,9,6,Saturday,True
2019-11-10,2019,4,Q4 2019,11,November,Nov,2019-11,10,7,Sunday,True
2019-11-11,2019,4,Q4 2019,11,November,Nov,2019-11,11,1,Monday,False
2019-11-12,2019,4,Q4 2019,11,November,Nov,2019-11,12,2,Tuesday,False
2019-11-13,2019,4,Q4 2019,11,November,Nov,2019-11,13,3,Wednesday,False
2019-11-14,2019,4,Q4 2019,11,November,Nov,2019-11,14,4,Thursday,False
2019-11-15,2019,4,Q4 2019,11,November,Nov,2019-11,15,5,Friday,False
2019-11-16,2019,4,Q4 2019,11,November,Nov,2019-11,16,6,Saturday,True
2019-11-17,2019,4,Q4 2019,11,November,Nov,2019-11,17,7,Sunday,True
2019-11-18,2019,4,Q4 2019,11,November,Nov,2019-11,18,1,Monday,False
2019-11-19,2019,4,Q4 2019,11,November,Nov,2019-11,19,2,Tuesday,False
2019-11-20,2019,4,Q4 2019,11,November,Nov,2019-11,20,3,Wednesday,False
2019-11-21,2019,4,Q4 2019,11,November,Nov,2019-11,21,4,Thursday,False
2019-11-22,2019,4,Q4 2019,11,November,Nov,2019-11,22,5,Friday,False
2019-11-23,2019,4,Q4 2019,11,November,Nov,2019-11,23,6,Saturday,True
2019-11-24,2019,4,Q4 2019,11,November,Nov,2019-11,24,7,Sunday,True
2019-11-25,2019,4,Q4 2019,11,November,Nov,2019-11,25,1,Monday,False
2019-11-26,2019,4,Q4 2019,11,November,Nov,2019-11,26,2,Tuesday,False
2019-11-27,2019,4,Q4 2019,11,November,Nov,2019-11,27,3,Wednesday,False
2019-11-28,2019,4,Q4 2019,11,November,Nov,2019-11,28,4,Thursday,False
2019-11-29,2019,4,Q4 2019,11,November,Nov,2019-11,29,5,Friday,False
2019-11-30,2019,4,Q4 2019,11,November,Nov,2019-11,30,6,Saturday,True
2019-12-01,2019,4,Q4 2019,12,December,Dec,2019-12,1,7,Sunday,True
2019-12-02,2019,4,Q4 2019,12,December,Dec,2019-12,2,1,Monday,False
2019-12-03,2019,4,Q4 2019,12,December,Dec,2019-12,3,2,Tuesday,False
2019-12-04,2019,4,Q4 2019,12,December,Dec,2019-12,4,3,Wednesday,False
2019-12-05,2019,4,Q4 2019,12,December,Dec,2019-12,5,4,Thursday,False
2019-12-06,2019,4,Q4 2019,12,December,Dec,2019-12,6,5,Friday,False
2019-12-07,2019,4,Q4 2019,12,December,Dec,2019-12,7,6,Saturday,True
2019-12-08,2019,4,Q4 2019,12,December,Dec,2019-12,8,7,Sunday,True
2019-12-09,2019,4,Q4 2019,12,December,Dec,2019-12,9,1,Monday,False
2019-12-10,2019,4,Q4 2019,12,December,Dec,2019-12,10,2,Tuesday,False
2019-12-11,2019,4,Q4 2019,12,December,Dec,2019-12,11,3,Wednesday,False
2019-12-12,2019,4,Q4 2019,12,December,Dec,2019-12,12,4,Thursday,False
2019-12-13,2019,4,Q4 2019,12,December,Dec,2019-12,13,5,Friday,False
2019-12-14,2019,4,Q4 2019,12,December,Dec,2019-12,14,6,Saturday,True
2019-12-15,2019,4,Q4 2019,12,December,Dec,2019-12,15,7,Sunday,True
2019-12-16,2019,4,Q4 2019,12,December,Dec,2019-12,16,1,Monday,False
2019-12-17,2019,4,Q4 2019,12,December,Dec,2019-12,17,2,Tuesday,False
2019-12-18,2019,4,Q4 2019,12,December,Dec,2019-12,18,3,Wednesday,False
2019-12-19,2019,4,Q4 2019,12,December,Dec,2019-12,19,4,Thursday,False
2019-12-20,2019,4,Q4 2019,12,December,Dec,2019-12,20,5,Friday,False
2019-12-21,2019,4,Q4 2019,12,December,Dec,2019-12,21,6,Saturday,True
2019-12-22,2019,4,Q4 2019,12,December,Dec,2019-12,22,7,Sunday,True
2019-12-23,2019,4,Q4 2019,12,December,Dec,2019-12,23,1,Monday,False
2019-12-24,2019,4,Q4 2019,12,December,Dec,2019-12,24,2,Tuesday,False
2019-12-25,2019,4,Q4 2019,12,December,Dec,2019-12,25,3,Wednesday,False
2019-12-26,2019,4,Q4 2019,12,December,Dec,2019-12,26,4,Thursday,False
2019-12-27,2019,4,Q4 2019,12,December,Dec,2019-12,27,5,Friday,False
2019-12-28,2019,4,Q4 2019,12,December,Dec,2019-12,28,6,Saturday,True
2019-12-29,2019,4,Q4 2019,12,December,Dec,2019-12,29,7,Sunday,True
2019-12-30,2019,4,Q4 2019,12,December,Dec,2019-12,30,1,Monday,False
2019-12-31,2019,4,Q4 2019,12,December,Dec,2019-12,31,2,Tuesday,False
